consumer,metric,recorded_prey_species,prey_with_trait,prey_trait_coverage,included_in_analysis
Lepomis gibbosus,ctmax,1131,34,0.0300618921308576,true
Notemigonus crysoleucas,ctmax,108,1,0.00925925925925926,true
Perca flavescens,ctmax,133,21,0.157894736842105,true
Daphnia galeata,ctmax,37,0,0.0,false
Holacanthus passer,ctmax,55,1,0.0181818181818182,true
Notolabrus celidotus,ctmax,32,0,0.0,false
Lacerta agilis,ctmax,2520,12,0.00476190476190476,true
Pleuronectes platessa,ctmax,347,13,0.037463976945245,true
Ameiurus nebulosus,ctmax,470,5,0.0106382978723404,true
Anguilla anguilla,ctmax,1274,114,0.0894819466248038,true
Barbus caninus,ctmax,773,21,0.0271668822768435,true
Barbus plebejus,ctmax,1100,89,0.0809090909090909,true
Carassius carassius,ctmax,1109,39,0.0351668169522092,true
Carassius gibelio,ctmax,1024,29,0.0283203125,true
Coenagrion puella,ctmax,298,4,0.0134228187919463,true
Cordulegaster boltonii,ctmax,213,3,0.0140845070422535,true
Cyprinus carpio,ctmax,1057,34,0.032166508987701,true
Gammarus pulex,ctmax,479,4,0.00835073068893528,true
Gasterosteus aculeatus,ctmax,1403,43,0.0306486101211689,true
Gymnocephalus cernua,ctmax,662,38,0.0574018126888218,true
Hydropsyche pellucidula,ctmax,397,5,0.0125944584382872,true
Ischnura elegans,ctmax,780,3,0.00384615384615385,true
Micropterus salmoides,ctmax,473,109,0.230443974630021,true
Neogobius melanostomus,ctmax,1182,100,0.0846023688663283,true
Perca fluviatilis,ctmax,866,105,0.121247113163972,true
Salmo trutta,ctmax,1478,124,0.0838971583220569,true
Scardinius erythrophthalmus,ctmax,1034,30,0.0290135396518375,true
Sialis lutaria,ctmax,337,3,0.00890207715133531,true
Barbatula barbatula,ctmax,666,32,0.0480480480480481,true
Makaira nigricans,ctmax,82,12,0.146341463414634,true
Pagrus major,ctmax,74,3,0.0405405405405405,true
Gadus morhua,ctmax,736,31,0.0421195652173913,true
Labrus mixtus,ctmax,56,3,0.0535714285714286,true
Platichthys flesus,ctmax,221,18,0.081447963800905,true
Solea solea,ctmax,290,8,0.0275862068965517,true
Acipenser stellatus,ctmax,17,1,0.0588235294117647,true
Acipenser gueldenstaedtii,ctmax,22,3,0.136363636363636,true
Rutilus rutilus,ctmax,686,36,0.0524781341107872,true
Beryx splendens,ctmax,59,2,0.0338983050847458,true
Alosa fallax,ctmax,109,65,0.596330275229358,true
Barbus barbus,ctmax,656,89,0.135670731707317,true
Esox lucius,ctmax,889,133,0.149606299212598,true
Hucho hucho,ctmax,52,33,0.634615384615385,true
Huso huso,ctmax,45,21,0.466666666666667,true
Leuciscus aspius,ctmax,87,62,0.71264367816092,true
Lota lota,ctmax,700,120,0.171428571428571,true
Oncorhynchus mykiss,ctmax,816,118,0.144607843137255,true
Padogobius bonelli,ctmax,650,89,0.136923076923077,true
Ponticola kessleri,ctmax,662,89,0.134441087613293,true
Salariopsis fluviatilis,ctmax,400,77,0.1925,true
Salmo labrax,ctmax,649,89,0.13713405238829,true
Salmo marmoratus,ctmax,85,60,0.705882352941177,true
Salmo salar,ctmax,777,101,0.12998712998713,true
Salvelinus fontinalis,ctmax,791,116,0.146649810366625,true
Salvelinus namaycush,ctmax,704,121,0.171875,true
Sander lucioperca,ctmax,119,74,0.621848739495798,true
Silurus glanis,ctmax,118,71,0.601694915254237,true
Squalius cephalus,ctmax,838,94,0.112171837708831,true
Halichoeres semicinctus,ctmax,51,1,0.0196078431372549,true
Bodianus rufus,ctmax,130,4,0.0307692307692308,true
Scomberomorus regalis,ctmax,73,13,0.178082191780822,true
Thalassoma bifasciatum,ctmax,140,3,0.0214285714285714,true
Abudefduf saxatilis,ctmax,140,1,0.00714285714285714,true
Apogon maculatus,ctmax,98,0,0.0,false
Canthigaster rostrata,ctmax,272,1,0.00367647058823529,true
Chaetodon capistratus,ctmax,152,0,0.0,false
Chaetodon striatus,ctmax,75,0,0.0,false
Halichoeres maculipinna,ctmax,149,1,0.00671140939597315,true
Hypoplectrus nigricans,ctmax,104,2,0.0192307692307692,true
Ocyurus chrysurus,ctmax,249,2,0.00803212851405622,true
Sphoeroides spengleri,ctmax,280,1,0.00357142857142857,true
Prognathodes aculeatus,ctmax,114,2,0.0175438596491228,true
Odontaster validus,ctmax,230,5,0.0217391304347826,true
Pachycara brachycephalum,ctmax,45,1,0.0222222222222222,true
Trematomus pennellii,ctmax,187,6,0.0320855614973262,true
Ectemnorhinus similis,ctmax,2,0,0.0,false
Zora spinimana,ctmax,3304,4,0.00121065375302663,true
Oedothorax apicatus,ctmax,39,1,0.0256410256410256,true
Tibellus maritimus,ctmax,779,4,0.00513478818998716,true
Euophrys frontalis,ctmax,1022,3,0.00293542074363992,true
Hypsypops rubicundus,ctmax,30,0,0.0,false
Arothron hispidus,ctmax,8,0,0.0,false
Thunnus thynnus,ctmax,109,6,0.055045871559633,true
Centropristis striata,ctmax,117,6,0.0512820512820513,true
Xyrichtys novacula,ctmax,16,1,0.0625,true
Camponotus pennsylvanicus,ctmax,25,0,0.0,false
Trachylepis striata,ctmax,2,0,0.0,false
Carcinus maenas,ctmax,184,15,0.0815217391304348,true
Coryphoblennius galerita,ctmax,117,4,0.0341880341880342,true
Diplodus sargus,ctmax,93,3,0.032258064516129,true
Gobius niger,ctmax,58,9,0.155172413793103,true
Gobius paganellus,ctmax,88,9,0.102272727272727,true
Lipophrys pholis,ctmax,91,6,0.0659340659340659,true
Lipophrys trigloides,ctmax,47,5,0.106382978723404,true
Pachygrapsus marmoratus,ctmax,79,3,0.0379746835443038,true
Haemulon flavolineatum,ctmax,154,1,0.00649350649350649,true
Halichoeres bivittatus,ctmax,158,3,0.0189873417721519,true
Alburnus alburnus,ctmax,406,16,0.0394088669950739,true
Abramis brama,ctmax,675,35,0.0518518518518519,true
Agabus bipustulatus,ctmax,127,7,0.0551181102362205,true
Alosa aestivalis,ctmax,155,4,0.0258064516129032,true
Alosa mediocris,ctmax,93,3,0.032258064516129,true
Alosa pseudoharengus,ctmax,98,1,0.0102040816326531,true
Alosa sapidissima,ctmax,117,6,0.0512820512820513,true
Centrarchus macropterus,ctmax,55,0,0.0,false
Chrosomus eos,ctmax,109,0,0.0,false
Coregonus artedi,ctmax,46,1,0.0217391304347826,true
Coregonus clupeaformis,ctmax,55,7,0.127272727272727,true
Dorosoma cepedianum,ctmax,138,4,0.0289855072463768,true
Dorosoma petenense,ctmax,88,0,0.0,false
Enneacanthus gloriosus,ctmax,54,1,0.0185185185185185,true
Erimyzon oblongus,ctmax,96,4,0.0416666666666667,true
Etheostoma olmstedi,ctmax,96,4,0.0416666666666667,true
Fundulus diaphanus,ctmax,225,4,0.0177777777777778,true
Leiostomus xanthurus,ctmax,213,9,0.0422535211267606,true
Lepisosteus osseus,ctmax,69,4,0.0579710144927536,true
Lepomis macrochirus,ctmax,94,7,0.074468085106383,true
Lucania parva,ctmax,162,1,0.00617283950617284,true
Luxilus cornutus,ctmax,176,5,0.0284090909090909,true
Menidia beryllina,ctmax,139,6,0.0431654676258993,true
Morone americana,ctmax,135,12,0.0888888888888889,true
Morone saxatilis,ctmax,203,48,0.236453201970443,true
Mugil cephalus,ctmax,233,0,0.0,false
Osmerus mordax,ctmax,70,5,0.0714285714285714,true
Pimephales promelas,ctmax,52,1,0.0192307692307692,true
Pseudopleuronectes americanus,ctmax,180,3,0.0166666666666667,true
Sander vitreus,ctmax,48,38,0.791666666666667,true
Scomber scombrus,ctmax,282,13,0.0460992907801418,true
Semotilus atromaculatus,ctmax,128,4,0.03125,true
Stenotomus chrysops,ctmax,140,3,0.0214285714285714,true
Strongylura marina,ctmax,110,1,0.00909090909090909,true
Lateolabrax japonicus,ctmax,55,1,0.0181818181818182,true
Paralichthys californicus,ctmax,84,16,0.19047619047619,true
Acipenser oxyrinchus,ctmax,82,0,0.0,false
Pomoxis nigromaculatus,ctmax,57,9,0.157894736842105,true
Umbra pygmaea,ctmax,14,1,0.0714285714285714,true
Lachnolaimus maximus,ctmax,190,3,0.0157894736842105,true
Lutjanus apodus,ctmax,152,13,0.0855263157894737,true
Halichoeres garnoti,ctmax,119,2,0.0168067226890756,true
Halichoeres radiatus,ctmax,185,1,0.00540540540540541,true
Hypoplectrus aberrans,ctmax,66,2,0.0303030303030303,true
Eleginus gracilis,ctmax,41,0,0.0,false
Scomberomorus niphonius,ctmax,18,4,0.222222222222222,true
Acanthogobius flavimanus,ctmax,25,2,0.08,true
Engraulis mordax,ctmax,47,0,0.0,false
Gillichthys mirabilis,ctmax,31,2,0.0645161290322581,true
Girella nigricans,ctmax,105,0,0.0,false
Leptocottus armatus,ctmax,63,5,0.0793650793650794,true
Acanthurus chirurgus,ctmax,81,0,0.0,false
Acanthurus coeruleus,ctmax,78,0,0.0,false
Acanthurus triostegus,ctmax,7,0,0.0,false
Archosargus rhomboidalis,ctmax,149,0,0.0,false
Bathygobius soporator,ctmax,43,4,0.0930232558139535,true
Chaetodon miliaris,ctmax,12,0,0.0,false
Echinometra lucunter,ctmax,34,0,0.0,false
Hippolyte obliquimanus,ctmax,21,0,0.0,false
Menippe nodifrons,ctmax,47,1,0.0212765957446809,true
Naso unicornis,ctmax,8,0,0.0,false
Palaemon northropi,ctmax,11,0,0.0,false
Parablennius marmoreus,ctmax,35,0,0.0,false
Pomacanthus arcuatus,ctmax,99,0,0.0,false
Pomacanthus paru,ctmax,111,0,0.0,false
Scartella cristata,ctmax,72,0,0.0,false
Scarus coelestinus,ctmax,28,0,0.0,false
Scarus iseri,ctmax,71,0,0.0,false
Scarus taeniopterus,ctmax,70,0,0.0,false
Sparisoma chrysopterum,ctmax,71,0,0.0,false
Sparisoma radians,ctmax,23,0,0.0,false
Sparisoma rubripinne,ctmax,71,0,0.0,false
Sparisoma viride,ctmax,71,0,0.0,false
Cyprichromis leptosoma,ctmax,4,0,0.0,false
Cyprichromis microlepidotus,ctmax,4,0,0.0,false
Hemigymnus fasciatus,ctmax,5,0,0.0,false
Macropharyngodon bipartitus,ctmax,4,0,0.0,false
Oxycheilinus digramma,ctmax,5,0,0.0,false
Sphoeroides maculatus,ctmax,145,3,0.0206896551724138,true
Syncrossus berdmorei,ctmax,3,0,0.0,false
Pterois volitans,ctmax,30,8,0.266666666666667,true
Thunnus albacares,ctmax,143,14,0.0979020979020979,true
Perissodus microlepis,ctmax,34,17,0.5,true
Halichoeres poeyi,ctmax,113,3,0.0265486725663717,true
Clupea harengus,ctmax,196,11,0.0561224489795918,true
Ethmalosa fimbriata,ctmax,27,0,0.0,false
Liza saliens,ctmax,37,0,0.0,false
Pegusa lascaris,ctmax,23,1,0.0434782608695652,true
Pomatoschistus minutus,ctmax,86,5,0.0581395348837209,true
Syngnathus acus,ctmax,29,1,0.0344827586206897,true
Apeltes quadracus,ctmax,45,1,0.0222222222222222,true
Atherinella brasiliensis,ctmax,71,1,0.0140845070422535,true
Azurina cyanea,ctmax,42,0,0.0,false
Bodianus parrae,ctmax,41,0,0.0,false
Clupea pallasii,ctmax,45,1,0.0222222222222222,true
Anchoa mitchilli,ctmax,147,7,0.0476190476190476,true
Cyprinodon variegatus,ctmax,15,0,0.0,false
Lagodon rhomboides,ctmax,118,3,0.0254237288135593,true
Pungitius pungitius,ctmax,26,0,0.0,false
Syngnathus scovelli,ctmax,14,0,0.0,false
Dikerogammarus villosus,ctmax,395,26,0.0658227848101266,true
Sarpa salpa,ctmax,104,0,0.0,false
Ameiurus catus,ctmax,122,1,0.00819672131147541,true
Ameiurus natalis,ctmax,116,0,0.0,false
Diplectrum formosum,ctmax,111,3,0.027027027027027,true
Diplodus holbrookii,ctmax,16,0,0.0,false
Elops saurus,ctmax,80,8,0.1,true
Engraulis japonicus,ctmax,30,0,0.0,false
Chanodichthys erythropterus,ctmax,19,5,0.263157894736842,true
Lutjanus guttatus,ctmax,31,1,0.032258064516129,true
Archosargus probatocephalus,ctmax,25,1,0.04,true
Cynoscion nebulosus,ctmax,141,16,0.113475177304965,true
Euthynnus alletteratus,ctmax,78,6,0.0769230769230769,true
Lepomis auritus,ctmax,28,1,0.0357142857142857,true
Sciaenops ocellatus,ctmax,134,19,0.141791044776119,true
Carlia longipes,ctmax,1,0,0.0,false
Crotaphytus collaris,ctmax,4,0,0.0,false
Pseudophryne corroboree,ctmax,1,0,0.0,false
Zootoca vivipara,ctmax,4,0,0.0,false
Agapetus fuscipes,ctmax,141,0,0.0,false
Drusus annulatus,ctmax,132,0,0.0,false
Elmis aenea,ctmax,162,0,0.0,false
Leuctra fusca,ctmax,135,0,0.0,false
Limnius volckmari,ctmax,159,0,0.0,false
Phoxinus phoxinus,ctmax,894,41,0.0458612975391499,true
Rhithrogena semicolorata,ctmax,154,0,0.0,false
Liza richardsonii,ctmax,26,0,0.0,false
Caenis luctuosa,ctmax,69,0,0.0,false
Ampullaceana balthica,ctmax,64,0,0.0,false
Simulium vittatum,ctmax,42,0,0.0,false
Ancylus fluviatilis,ctmax,83,0,0.0,false
Asellus aquaticus,ctmax,73,0,0.0,false
Ephemera danica,ctmax,80,0,0.0,false
Gobio gobio,ctmax,717,38,0.0529986052998605,true
Heptagenia sulphurea,ctmax,85,0,0.0,false
Leuciscus leuciscus,ctmax,631,33,0.05229793977813,true
Electrona antarctica,ctmax,35,0,0.0,false
Oncorhynchus nerka,ctmax,68,2,0.0294117647058824,true
Potamopyrgus antipodarum,ctmax,132,1,0.00757575757575758,true
Baetis rhodani,ctmax,78,0,0.0,false
Blicca bjoerkna,ctmax,595,30,0.0504201680672269,true
Cobitis bilineata,ctmax,565,29,0.0513274336283186,true
Cobitis taenia,ctmax,565,29,0.0513274336283186,true
Cottus gobio,ctmax,709,39,0.0550070521861777,true
Parachondrostoma toxostoma,ctmax,567,29,0.0511463844797178,true
Pseudorasbora parva,ctmax,578,29,0.0501730103806228,true
Rutilus aula,ctmax,567,29,0.0511463844797178,true
Rutilus pigus,ctmax,570,29,0.0508771929824561,true
Sabanejewia larvata,ctmax,566,29,0.0512367491166078,true
Telestes muticellus,ctmax,565,29,0.0513274336283186,true
Telestes souffia,ctmax,566,29,0.0512367491166078,true
Tinca tinca,ctmax,645,38,0.0589147286821705,true
Petromyzon marinus,ctmax,44,23,0.522727272727273,true
Ictalurus furcatus,ctmax,36,8,0.222222222222222,true
Catostomus macrocheilus,ctmax,8,1,0.125,true
Cottus asper,ctmax,11,7,0.636363636363636,true
Ptychocheilus oregonensis,ctmax,25,13,0.52,true
Gopherus agassizii,ctmax,15,0,0.0,false
Sauromalus ater,ctmax,3,0,0.0,false
Dentex angolensis,ctmax,72,0,0.0,false
Ctenopharyngodon idella,ctmax,30,0,0.0,false
Rhyacophila dorsalis,ctmax,235,7,0.0297872340425532,true
Thamnophis sirtalis,ctmax,129,23,0.178294573643411,true
Coluber constrictor,ctmax,91,20,0.21978021978022,true
Pseudonaja textilis,ctmax,51,20,0.392156862745098,true
Austrelaps superbus,ctmax,18,9,0.5,true
Piaractus mesopotamicus,ctmax,73,0,0.0,false
Pimephales notatus,ctmax,15,1,0.0666666666666667,true
Gobiomorphus breviceps,ctmax,50,1,0.02,true
Salvelinus alpinus,ctmax,170,25,0.147058823529412,true
Chaetodon sedentarius,ctmax,87,0,0.0,false
Chaetodon baronessa,ctmax,4,0,0.0,false
Chaetodon trifascialis,ctmax,3,0,0.0,false
Chaetodon lunula,ctmax,21,0,0.0,false
Chaetodon plebeius,ctmax,5,0,0.0,false
Phrurolithus festivus,ctmax,37,0,0.0,false
Agkistrodon contortrix,ctmax,32,6,0.1875,true
Gambusia affinis,ctmax,80,11,0.1375,true
Sterechinus neumayeri,ctmax,131,1,0.00763358778625954,true
Paralabrax clathratus,ctmax,52,5,0.0961538461538462,true
Trematomus bernacchii,ctmax,147,3,0.0204081632653061,true
Prenolepis imparis,ctmax,49,4,0.0816326530612245,true
Monomorium floricola,ctmax,15,0,0.0,false
Nacella concinna,ctmax,10,0,0.0,false
Notothenia coriiceps,ctmax,172,8,0.0465116279069768,true
Ictalurus punctatus,ctmax,52,20,0.384615384615385,true
Labeobarbus acutirostris,ctmax,3,0,0.0,false
Oncorhynchus kisutch,ctmax,91,22,0.241758241758242,true
Erythemis simplicicollis,ctmax,70,3,0.0428571428571429,true
Tautoga onitis,ctmax,54,3,0.0555555555555556,true
Tautogolabrus adspersus,ctmax,14,2,0.142857142857143,true
Trematomus hansoni,ctmax,112,6,0.0535714285714286,true
Linepithema humile,ctmax,32,4,0.125,true
Oncorhynchus keta,ctmax,63,1,0.0158730158730159,true
Hiodon alosoides,ctmax,20,7,0.35,true
Anax imperator,ctmax,10,3,0.3,true
Hagenius brevistylus,ctmax,29,4,0.137931034482759,true
Anax junius,ctmax,44,5,0.113636363636364,true
Pylodictis olivaris,ctmax,26,12,0.461538461538462,true
Bathyclarias worthingtoni,ctmax,10,0,0.0,false
Labidochromis caeruleus,ctmax,4,0,0.0,false
Mastacembelus shiranus,ctmax,8,0,0.0,false
Bagrus docmak,ctmax,32,5,0.15625,true
Hemachatus haemachatus,ctmax,4,1,0.25,true
Alburnus arborella,ctmax,362,14,0.0386740331491713,true
Dinocras cephalotes,ctmax,436,27,0.0619266055045872,true
Leucaspius delineatus,ctmax,368,15,0.0407608695652174,true
Thymallus thymallus,ctmax,494,30,0.0607287449392713,true
Solenopsis invicta,ctmax,37,4,0.108108108108108,true
Eucidaris tribuloides,ctmax,53,0,0.0,false
Holacanthus tricolor,ctmax,73,0,0.0,false
Anolis carolinensis,ctmax,38,3,0.0789473684210526,true
Polyodon spathula,ctmax,10,0,0.0,false
Halichoeres californicus,ctmax,21,0,0.0,false
Piaractus brachypomus,ctmax,16,0,0.0,false
Littorina saxatilis,ctmax,39,0,0.0,false
Alosa macedonica,ctmax,4,3,0.75,true
Leuciscus idus,ctmax,6,3,0.5,true
Sander canadensis,ctmax,20,17,0.85,true
Scomberomorus commerson,ctmax,17,4,0.235294117647059,true
Brycon amazonicus,ctmax,36,0,0.0,false
Acanthocybium solandri,ctmax,57,9,0.157894736842105,true
Crotalus atrox,ctmax,71,8,0.112676056338028,true
Varanus gouldii,ctmax,51,6,0.117647058823529,true
Varanus varius,ctmax,17,0,0.0,false
Thunnus obesus,ctmax,66,9,0.136363636363636,true
Xiphias gladius,ctmax,136,11,0.0808823529411765,true
Boops boops,ctmax,15,0,0.0,false
Acanthurus xanthopterus,ctmax,11,0,0.0,false
Acipenser brevirostrum,ctmax,65,0,0.0,false
Anguilla rostrata,ctmax,47,8,0.170212765957447,true
Dicentrarchus labrax,ctmax,35,7,0.2,true
Fundulus heteroclitus,ctmax,45,0,0.0,false
Trinectes maculatus,ctmax,32,1,0.03125,true
Crangon crangon,ctmax,147,9,0.0612244897959184,true
Ctenolabrus rupestris,ctmax,66,3,0.0454545454545455,true
Labrus bergylta,ctmax,188,2,0.0106382978723404,true
Mullus surmuletus,ctmax,184,5,0.0271739130434783,true
Pagellus bogaraveo,ctmax,97,3,0.0309278350515464,true
Pagurus bernhardus,ctmax,52,1,0.0192307692307692,true
Symphodus melops,ctmax,99,5,0.0505050505050505,true
Zoarces viviparus,ctmax,32,7,0.21875,true
Canthigaster valentini,ctmax,6,0,0.0,false
Oncorhynchus tshawytscha,ctmax,119,19,0.159663865546218,true
Thunnus alalunga,ctmax,77,7,0.0909090909090909,true
Gammarus fossarum,ctmax,1,0,0.0,false
Cyprinella spiloptera,ctmax,44,1,0.0227272727272727,true
Luciobarbus longiceps,ctmax,17,0,0.0,false
Acipenser transmontanus,ctmax,17,3,0.176470588235294,true
Serranus atricauda,ctmax,24,8,0.333333333333333,true
Scorpaena porcus,ctmax,56,7,0.125,true
Coregonus lavaretus,ctmax,34,2,0.0588235294117647,true
Plecodus straeleni,ctmax,45,39,0.866666666666667,true
Deronectes latus,ctmax,6,0,0.0,false
Megalops cyprinoides,ctmax,13,2,0.153846153846154,true
Amia calva,ctmax,22,13,0.590909090909091,true
Paralichthys olivaceus,ctmax,34,3,0.0882352941176471,true
Istiompax indica,ctmax,18,6,0.333333333333333,true
Thamnophis elegans,ctmax,57,22,0.385964912280702,true
Thamnophis ordinoides,ctmax,5,0,0.0,false
Notophthalmus viridescens,ctmax,6,0,0.0,false
Helobdella stagnalis,ctmax,26,4,0.153846153846154,true
Esox masquinongy,ctmax,22,17,0.772727272727273,true
Esox niger,ctmax,14,2,0.142857142857143,true
Micropterus dolomieu,ctmax,44,28,0.636363636363636,true
Anguilla dieffenbachii,ctmax,27,1,0.037037037037037,true
Lethocerus americanus,ctmax,15,4,0.266666666666667,true
Paralichthys lethostigma,ctmax,50,7,0.14,true
Hypsoblennius hentz,ctmax,35,3,0.0857142857142857,true
Microgadus tomcod,ctmax,17,0,0.0,false
Acipenser medirostris,ctmax,8,0,0.0,false
Hypomesus transpacificus,ctmax,10,0,0.0,false
Lepidopsetta bilineata,ctmax,30,1,0.0333333333333333,true
Oncorhynchus clarkii,ctmax,41,10,0.24390243902439,true
Oncorhynchus gorbuscha,ctmax,64,2,0.03125,true
Salvelinus leucomaenis,ctmax,17,3,0.176470588235294,true
Myoxocephalus quadricornis,ctmax,19,6,0.315789473684211,true
Osmerus eperlanus,ctmax,39,3,0.0769230769230769,true
Liza aurata,ctmax,28,0,0.0,false
Crotalus cerastes,ctmax,55,11,0.2,true
Pituophis catenifer,ctmax,90,6,0.0666666666666667,true
Crotalus scutulatus,ctmax,24,8,0.333333333333333,true
Crotalus viridis,ctmax,21,3,0.142857142857143,true
Heloderma suspectum,ctmax,15,1,0.0666666666666667,true
Pterygoplichthys pardalis,ctmax,4,0,0.0,false
Cymatogaster aggregata,ctmax,39,0,0.0,false
Liopsetta glacialis,ctmax,17,1,0.0588235294117647,true
Siganus canaliculatus,ctmax,12,0,0.0,false
Diplodus vulgaris,ctmax,46,1,0.0217391304347826,true
Hypsurus caryi,ctmax,27,0,0.0,false
Arizona elegans,ctmax,34,14,0.411764705882353,true
Poecilia reticulata,ctmax,13,0,0.0,false
Stegastes variabilis,ctmax,6,0,0.0,false
Hemidactylus frenatus,ctmax,15,2,0.133333333333333,true
Misumenoides formosipes,ctmax,49,0,0.0,false
Rana catesbeiana,ctmax,8,0,0.0,false
Anax longipes,ctmax,4,1,0.25,true
Anaxyrus boreas,ctmax,21,3,0.142857142857143,true
Pseudacris regilla,ctmax,16,2,0.125,true
Armadillidium vulgare,ctmax,4,1,0.25,true
Megalops atlanticus,ctmax,15,0,0.0,false
Atractosteus spatula,ctmax,14,6,0.428571428571429,true
Alosa alosa,ctmax,16,1,0.0625,true
Chondrostoma soetta,ctmax,56,6,0.107142857142857,true
Lepomis gulosus,ctmax,10,1,0.1,true
Neochanna burrowsius,ctmax,10,0,0.0,false
Cichlasoma urophthalmum,ctmax,11,0,0.0,false
Gobiomorphus hubbsi,ctmax,7,0,0.0,false
Synodontis schall,ctmax,9,0,0.0,false
Xyrichtys splendens,ctmax,7,0,0.0,false
Astatotilapia burtoni,ctmax,11,0,0.0,false
Brienomyrus brachyistius,ctmax,18,0,0.0,false
Clarias ngamensis,ctmax,6,0,0.0,false
Oreochromis niloticus,ctmax,47,2,0.0425531914893617,true
Daphnia magna,ctmax,13,0,0.0,false
Daphnia pulicaria,ctmax,3,0,0.0,false
Sparus aurata,ctmax,67,2,0.0298507462686567,true
Anolis cristatellus,ctmax,6,1,0.166666666666667,true
Anolis sagrei,ctmax,22,2,0.0909090909090909,true
Anabas testudineus,ctmax,11,0,0.0,false
Anisops sardeus,ctmax,1,0,0.0,false
Allothunnus fallai,ctmax,23,0,0.0,false
Chaenocephalus aceratus,ctmax,22,5,0.227272727272727,true
Galaxias vulgaris,ctmax,34,1,0.0294117647058824,true
Cheimarrichthys fosteri,ctmax,10,0,0.0,false
Lymnaea stagnalis,ctmax,7,0,0.0,false
Formica aserva,ctmax,2,0,0.0,false
Tapinoma sessile,ctmax,10,0,0.0,false
Galaxias depressiceps,ctmax,19,0,0.0,false
Anoplolepis gracilipes,ctmax,37,0,0.0,false
Lepechinia calycina,ctmax,1,0,0.0,false
Pogonomyrmex californicus,ctmax,4,0,0.0,false
Sceloporus grammicus,ctmax,1,0,0.0,false
Sceloporus magister,ctmax,1,0,0.0,false
Sceloporus occidentalis,ctmax,10,0,0.0,false
Channa punctata,ctmax,21,9,0.428571428571429,true
Paralabrax humeralis,ctmax,15,0,0.0,false
Pomoxis annularis,ctmax,11,4,0.363636363636364,true
Fundulus grandis,ctmax,52,5,0.0961538461538462,true
Lepomis punctatus,ctmax,6,0,0.0,false
Trimeresurus gracilis,ctmax,8,3,0.375,true
Halichoeres trimaculatus,ctmax,9,0,0.0,false
Pomatoschistus microps,ctmax,44,5,0.113636363636364,true
Paralabrax nebulifer,ctmax,27,0,0.0,false
Calopteryx virgo,ctmax,53,0,0.0,false
Crangonyx pseudogracilis,ctmax,20,1,0.05,true
Serratella ignita,ctmax,113,0,0.0,false
Planiliza macrolepis,ctmax,17,0,0.0,false
Aphredoderus sayanus,ctmax,15,0,0.0,false
Oreochromis mossambicus,ctmax,45,1,0.0222222222222222,true
Ambloplites rupestris,ctmax,75,6,0.08,true
Chrosomus cumberlandensis,ctmax,3,0,0.0,false
Clarias gariepinus,ctmax,36,4,0.111111111111111,true
Cyprinella lutrensis,ctmax,5,1,0.2,true
Devario devario,ctmax,14,0,0.0,false
Erimyzon sucetta,ctmax,6,0,0.0,false
Hemichromis elongatus,ctmax,4,0,0.0,false
Hypentelium nigricans,ctmax,8,0,0.0,false
Hypseleotris klunzingeri,ctmax,13,0,0.0,false
Micralestes acutidens,ctmax,4,0,0.0,false
Petroleuciscus borysthenicus,ctmax,8,0,0.0,false
Protochondrostoma genei,ctmax,3,0,0.0,false
Rheocles vatosoa,ctmax,3,0,0.0,false
Rhinichthys obtusus,ctmax,6,0,0.0,false
Schilbe mystus,ctmax,35,13,0.371428571428571,true
Siniperca roulei,ctmax,4,0,0.0,false
Spinibarbus hollandi,ctmax,3,0,0.0,false
Squalius keadicus,ctmax,1,0,0.0,false
Brycinus longipinnis,ctmax,18,0,0.0,false
Brycinus macrolepidotus,ctmax,8,0,0.0,false
Hemichromis fasciatus,ctmax,7,0,0.0,false
Hepsetus odoe,ctmax,13,2,0.153846153846154,true
Hydrocynus forskahlii,ctmax,25,6,0.24,true
Malapterurus electricus,ctmax,4,0,0.0,false
Marcusenius senegalensis,ctmax,5,0,0.0,false
Oreochromis andersonii,ctmax,10,1,0.1,true
Synodontis waterloti,ctmax,5,0,0.0,false
Colossoma macropomum,ctmax,21,0,0.0,false
Rheocles derhami,ctmax,3,0,0.0,false
Anematichthys repasson,ctmax,4,0,0.0,false
Lates calcarifer,ctmax,25,6,0.24,true
Melanotaenia splendida,ctmax,18,1,0.0555555555555556,true
Rhabdosargus holubi,ctmax,7,0,0.0,false
Tilapia mariae,ctmax,3,0,0.0,false
Labeo fimbriatus,ctmax,4,0,0.0,false
Coptotermes formosanus,ctmax,5,0,0.0,false
Calamus nodosus,ctmax,21,0,0.0,false
Pagellus acarne,ctmax,21,0,0.0,false
Lithobates pipiens,ctmax,11,0,0.0,false
Tiliqua rugosa,ctmax,2,0,0.0,false
Euthynnus affinis,ctmax,33,5,0.151515151515152,true
Katsuwonus pelamis,ctmax,30,2,0.0666666666666667,true
Orthopristis ruber,ctmax,9,0,0.0,false
Takifugu rubripes,ctmax,16,0,0.0,false
Acanthopagrus schlegelii,ctmax,28,1,0.0357142857142857,true
Symphodus bailloni,ctmax,6,0,0.0,false
Regina alleni,ctmax,8,3,0.375,true
Istiophorus platypterus,ctmax,46,5,0.108695652173913,true
Thunnus atlanticus,ctmax,21,0,0.0,false
Podarcis muralis,ctmax,14,0,0.0,false
Elgaria multicarinata,ctmax,6,2,0.333333333333333,true
Seriola lalandi,ctmax,16,4,0.25,true
Kajikia audax,ctmax,31,7,0.225806451612903,true
Danio rerio,ctmax,14,1,0.0714285714285714,true
Pterophyllum scalare,ctmax,2,0,0.0,false
Siniperca scherzeri,ctmax,2,0,0.0,false
Dascyllus aruanus,ctmax,7,0,0.0,false
Hydra vulgaris,ctmax,1,0,0.0,false
Nothobranchius furzeri,ctmax,1,0,0.0,false
Premnas biaculeatus,ctmax,5,0,0.0,false
Camponotus castaneus,ctmax,3,0,0.0,false
Sarmarutilus rubilio,ctmax,13,6,0.461538461538462,true
Cottus carolinae,ctmax,5,0,0.0,false
Chelon ramada,ctmax,43,3,0.0697674418604651,true
Palaemon elegans,ctmax,62,5,0.0806451612903226,true
Palaemon longirostris,ctmax,25,2,0.08,true
Rhinocheilus lecontei,ctmax,31,11,0.354838709677419,true
Masticophis lateralis,ctmax,24,10,0.416666666666667,true
Lampropeltis zonata,ctmax,12,5,0.416666666666667,true
Coregonus albula,ctmax,34,1,0.0294117647058824,true
Chanos chanos,ctmax,32,1,0.03125,true
Carasobarbus canis,ctmax,12,2,0.166666666666667,true
Synodontis petricola,ctmax,8,4,0.5,true
Rhinichthys atratulus,ctmax,22,1,0.0454545454545455,true
Acar domingensis,ctmax,14,0,0.0,false
Micropterus floridanus,ctmax,2,1,0.5,true
Pygocentrus nattereri,ctmax,17,2,0.117647058823529,true
Acipenser persicus,ctmax,4,2,0.5,true
Sarda australis,ctmax,4,1,0.25,true
Kajikia albida,ctmax,33,4,0.121212121212121,true
Maccullochella peelii,ctmax,17,4,0.235294117647059,true
Cyrtocara moorii,ctmax,2,0,0.0,false
Labeobarbus johnstonii,ctmax,6,0,0.0,false
Oreochromis karongae,ctmax,2,0,0.0,false
Anguilla australis,ctmax,36,6,0.166666666666667,true
Galaxias eldoni,ctmax,4,0,0.0,false
Pagothenia borchgrevinki,ctmax,21,0,0.0,false
Periophthalmus barbarus,ctmax,8,0,0.0,false
Calotomus carolinus,ctmax,3,0,0.0,false
Naso lituratus,ctmax,6,0,0.0,false
Faxonius rusticus,ctmax,7,1,0.142857142857143,true
Brycinus imberi,ctmax,8,0,0.0,false
Serranochromis robustus,ctmax,8,0,0.0,false
Cottus bairdii,ctmax,9,0,0.0,false
Culaea inconstans,ctmax,17,1,0.0588235294117647,true
Agnetina capitata,ctmax,7,1,0.142857142857143,true
Paragnetina media,ctmax,6,1,0.166666666666667,true
Umbra limi,ctmax,31,1,0.032258064516129,true
Lates niloticus,ctmax,41,13,0.317073170731707,true
Plecoglossus altivelis,ctmax,23,0,0.0,false
Tetrapturus pfluegeri,ctmax,15,0,0.0,false
Hydrocynus vittatus,ctmax,26,9,0.346153846153846,true
Micrometrus minimus,ctmax,12,0,0.0,false
Thaleichthys pacificus,ctmax,11,0,0.0,false
Notothenia rossii,ctmax,38,3,0.0789473684210526,true
Takifugu xanthopterus,ctmax,13,0,0.0,false
Tetrapturus belone,ctmax,7,0,0.0,false
Anoplarchus purpurescens,ctmax,9,0,0.0,false
Brienomyrus niger,ctmax,6,0,0.0,false
Callichthys callichthys,ctmax,11,0,0.0,false
Catla catla,ctmax,8,0,0.0,false
Catostomus commersonii,ctmax,19,1,0.0526315789473684,true
Catostomus tahoensis,ctmax,5,0,0.0,false
Centrolabrus melanocercus,ctmax,8,0,0.0,false
Chasmodes saburrae,ctmax,3,0,0.0,false
Chrosomus neogaeus,ctmax,24,1,0.0416666666666667,true
Coregonus autumnalis,ctmax,18,2,0.111111111111111,true
Coregonus sardinella,ctmax,11,0,0.0,false
Coris julis,ctmax,8,0,0.0,false
Diapterus rhombeus,ctmax,8,0,0.0,false
Etheostoma exile,ctmax,6,0,0.0,false
Galaxias maculatus,ctmax,6,0,0.0,false
Gilchristella aestuaria,ctmax,5,0,0.0,false
Heniochus varius,ctmax,6,0,0.0,false
Oblada melanura,ctmax,22,0,0.0,false
Pollimyrus adspersus,ctmax,4,0,0.0,false
Rasbora daniconius,ctmax,8,0,0.0,false
Rhabdosargus sarba,ctmax,17,0,0.0,false
Spondyliosoma cantharus,ctmax,17,1,0.0588235294117647,true
Symphodus cinereus,ctmax,11,0,0.0,false
Symphodus ocellatus,ctmax,13,0,0.0,false
Tilapia rendalli,ctmax,28,0,0.0,false
Abudefduf sordidus,ctmax,8,0,0.0,false
Acanthopagrus australis,ctmax,11,0,0.0,false
Acanthopagrus berda,ctmax,17,0,0.0,false
Acanthopagrus bifasciatus,ctmax,4,0,0.0,false
Acanthopagrus butcheri,ctmax,1,0,0.0,false
Acanthopagrus latus,ctmax,14,0,0.0,false
Acanthopagrus sivicolus,ctmax,4,0,0.0,false
Acanthurus thompsoni,ctmax,9,0,0.0,false
Acipenser baerii,ctmax,29,0,0.0,false
Acipenser fulvescens,ctmax,10,3,0.3,true
Acipenser nudiventris,ctmax,4,1,0.25,true
Acipenser ruthenus,ctmax,8,0,0.0,false
Acipenser sturio,ctmax,4,2,0.5,true
Acrocheilus alutaceus,ctmax,5,0,0.0,false
Albula vulpes,ctmax,7,0,0.0,false
Alburnus chalcoides,ctmax,9,0,0.0,false
Alcolapia alcalica,ctmax,3,0,0.0,false
Aldrichetta forsteri,ctmax,4,0,0.0,false
Alestes baremoze,ctmax,10,0,0.0,false
Alosa caspia,ctmax,10,0,0.0,false
Alosa immaculata,ctmax,3,0,0.0,false
Altolamprologus compressiceps,ctmax,5,0,0.0,false
Ambassis agrammus,ctmax,9,0,0.0,false
Ambastaia sidthimunki,ctmax,3,0,0.0,false
Amblygobius phalaena,ctmax,15,0,0.0,false
Amblypharyngodon melettinus,ctmax,4,0,0.0,false
Ammocrypta pellucida,ctmax,4,0,0.0,false
Anampses caeruleopunctatus,ctmax,1,0,0.0,false
Anampses geographicus,ctmax,4,0,0.0,false
Anguilla bicolor,ctmax,1,0,0.0,false
Anguilla marmorata,ctmax,7,2,0.285714285714286,true
Anguilla mossambica,ctmax,4,0,0.0,false
Aphyosemion australe,ctmax,1,0,0.0,false
Apistogramma borellii,ctmax,4,0,0.0,false
Aplodinotus grunniens,ctmax,14,1,0.0714285714285714,true
Argyrozona argyrozona,ctmax,2,0,0.0,false
Arius arius,ctmax,11,0,0.0,false
Arnoldichthys spilopterus,ctmax,5,0,0.0,false
Arothron manilensis,ctmax,3,0,0.0,false
Arothron nigropunctatus,ctmax,5,0,0.0,false
Arothron stellatus,ctmax,1,0,0.0,false
Astyanax bimaculatus,ctmax,29,2,0.0689655172413793,true
Astyanax mexicanus,ctmax,1,0,0.0,false
Atherina boyeri,ctmax,17,0,0.0,false
Aurigequula fasciata,ctmax,7,0,0.0,false
Australoheros facetus,ctmax,12,0,0.0,false
Auxis rochei,ctmax,19,2,0.105263157894737,true
Auxis thazard,ctmax,9,2,0.222222222222222,true
Babka gymnotrachelus,ctmax,10,2,0.2,true
Badis badis,ctmax,1,0,0.0,false
Bagarius bagarius,ctmax,4,0,0.0,false
Bagarius yarrelli,ctmax,2,0,0.0,false
Barbodes semifasciolatus,ctmax,7,0,0.0,false
Barbonymus gonionotus,ctmax,5,0,0.0,false
Barbonymus schwanenfeldii,ctmax,6,0,0.0,false
Barbus bynni,ctmax,5,0,0.0,false
Barbus callensis,ctmax,5,0,0.0,false
Barbus paludinosus,ctmax,11,0,0.0,false
Bathygobius fuscus,ctmax,21,0,0.0,false
Benthochromis melanoides,ctmax,2,0,0.0,false
Benthochromis tricoti,ctmax,2,0,0.0,false
Benthophilus granulosus,ctmax,2,0,0.0,false
Benthophilus stellatus,ctmax,5,0,0.0,false
Blennius ocellaris,ctmax,4,0,0.0,false
Bodianus mesothorax,ctmax,1,0,0.0,false
Boopsoidea inornata,ctmax,6,0,0.0,false
Boraras maculatus,ctmax,1,0,0.0,false
Bostrychus sinensis,ctmax,1,0,0.0,false
Brycinus nurse,ctmax,14,0,0.0,false
Butis butis,ctmax,3,1,0.333333333333333,true
Calamus brachysomus,ctmax,7,1,0.142857142857143,true
Calamus penna,ctmax,5,0,0.0,false
Callopanchax occidentalis,ctmax,1,0,0.0,false
Canthigaster amboinensis,ctmax,8,0,0.0,false
Canthigaster jactator,ctmax,8,0,0.0,false
Canthigaster janthinoptera,ctmax,3,0,0.0,false
Canthigaster solandri,ctmax,6,0,0.0,false
Caspiosoma caspium,ctmax,7,0,0.0,false
Catlocarpio siamensis,ctmax,3,0,0.0,false
Catostomus catostomus,ctmax,8,1,0.125,true
Centrolabrus exoletus,ctmax,21,4,0.19047619047619,true
Chaetodon auriga,ctmax,19,0,0.0,false
Chaetodon citrinellus,ctmax,14,0,0.0,false
Chaetodon ephippium,ctmax,8,0,0.0,false
Chaetodon fremblii,ctmax,9,0,0.0,false
Chaetodon multicinctus,ctmax,10,0,0.0,false
Chaetodon ocellatus,ctmax,6,0,0.0,false
Chaetodon paucifasciatus,ctmax,9,0,0.0,false
Chaetodon quadrimaculatus,ctmax,7,0,0.0,false
Chaetodon unimaculatus,ctmax,10,0,0.0,false
Chaetodon vagabundus,ctmax,16,0,0.0,false
Channa asiatica,ctmax,4,0,0.0,false
Channa gachua,ctmax,3,0,0.0,false
Channa lucius,ctmax,1,0,0.0,false
Channa maculata,ctmax,5,0,0.0,false
Channa micropeltes,ctmax,2,1,0.5,true
Channa striata,ctmax,20,2,0.1,true
Chanodichthys mongolicus,ctmax,4,0,0.0,false
Cheilinus chlorourus,ctmax,4,0,0.0,false
Cheilinus fasciatus,ctmax,4,0,0.0,false
Cheilinus trilobatus,ctmax,5,0,0.0,false
Cheilio inermis,ctmax,4,0,0.0,false
Chelmonops curiosus,ctmax,3,0,0.0,false
Chelonodon patoca,ctmax,14,1,0.0714285714285714,true
Chitala chitala,ctmax,7,2,0.285714285714286,true
Chitala ornata,ctmax,3,0,0.0,false
Chlorurus sordidus,ctmax,7,0,0.0,false
Choerodon anchorago,ctmax,7,0,0.0,false
Choerodon fasciatus,ctmax,5,0,0.0,false
Chologaster cornuta,ctmax,1,0,0.0,false
Chromis ovalis,ctmax,12,0,0.0,false
Chrysoblephus anglicus,ctmax,4,0,0.0,false
Chrysoblephus cristiceps,ctmax,5,0,0.0,false
Cirrhinus molitorella,ctmax,7,0,0.0,false
Cirrhitichthys oxycephalus,ctmax,1,0,0.0,false
Clarias agboyiensis,ctmax,8,0,0.0,false
Clarias anguillaris,ctmax,8,1,0.125,true
Clarias batrachus,ctmax,13,1,0.0769230769230769,true
Clarias fuscus,ctmax,4,0,0.0,false
Clarias macrocephalus,ctmax,9,0,0.0,false
Clarias stappersii,ctmax,3,1,0.333333333333333,true
Clarias theodorae,ctmax,5,0,0.0,false
Clarotes laticeps,ctmax,2,0,0.0,false
Clinocottus analis,ctmax,10,0,0.0,false
Clinostomus funduloides,ctmax,8,0,0.0,false
Clupisoma garua,ctmax,5,0,0.0,false
Cobitis paludica,ctmax,15,0,0.0,false
Congresox talabonoides,ctmax,3,0,0.0,false
Coptodon guineensis,ctmax,2,0,0.0,false
Coregonus muksun,ctmax,2,0,0.0,false
Coregonus nasus,ctmax,5,0,0.0,false
Coris aygula,ctmax,7,0,0.0,false
Coris gaimard,ctmax,2,0,0.0,false
Corydoras julii,ctmax,5,0,0.0,false
Corydoras paleatus,ctmax,2,0,0.0,false
Coryphopterus urospilus,ctmax,1,0,0.0,false
Corythoichthys intestinalis,ctmax,3,0,0.0,false
Cottus aleuticus,ctmax,8,3,0.375,true
Cottus cognatus,ctmax,11,2,0.181818181818182,true
Cottus poecilopus,ctmax,13,0,0.0,false
Cottus ricei,ctmax,4,0,0.0,false
Crenuchus spilurus,ctmax,1,0,0.0,false
Ctenopoma muriei,ctmax,3,0,0.0,false
Ctenopoma petherici,ctmax,3,0,0.0,false
Cymatoceps nasutus,ctmax,6,0,0.0,false
Cyphotilapia frontosa,ctmax,4,0,0.0,false
Danio kerri,ctmax,6,0,0.0,false
Dasyatis sabina,ctmax,12,1,0.0833333333333333,true
Datnioides polota,ctmax,1,0,0.0,false
Dawkinsia filamentosa,ctmax,10,0,0.0,false
Dentex canariensis,ctmax,3,0,0.0,false
Dentex macrophthalmus,ctmax,10,0,0.0,false
Dentex tumifrons,ctmax,3,0,0.0,false
Desmopuntius johorensis,ctmax,5,0,0.0,false
Devario aequipinnatus,ctmax,3,0,0.0,false
Devario regina,ctmax,7,0,0.0,false
Dichotomyctere fluviatilis,ctmax,2,0,0.0,false
Dichotomyctere ocellatus,ctmax,4,0,0.0,false
Diplectrum pacificum,ctmax,3,0,0.0,false
Diplodus bellottii,ctmax,3,0,0.0,false
Diplodus caudimacula,ctmax,7,0,0.0,false
Diplodus cervinus,ctmax,3,0,0.0,false
Diplodus puntazzo,ctmax,10,0,0.0,false
Elassoma boehlkei,ctmax,2,0,0.0,false
Elassoma evergladei,ctmax,3,0,0.0,false
Eleotris acanthopomus,ctmax,14,1,0.0714285714285714,true
Eleotris fusca,ctmax,13,3,0.230769230769231,true
Ellochelon vaigiensis,ctmax,16,0,0.0,false
Elops affinis,ctmax,2,0,0.0,false
Elops hawaiensis,ctmax,5,2,0.4,true
Elops machnata,ctmax,15,3,0.2,true
Enteromius fasciolatus,ctmax,5,0,0.0,false
Enteromius kerstenii,ctmax,2,0,0.0,false
Epalzeorhynchos bicolor,ctmax,5,0,0.0,false
Epalzeorhynchos kalopterus,ctmax,5,0,0.0,false
Epibulus insidiator,ctmax,3,0,0.0,false
Epinephelus coioides,ctmax,4,0,0.0,false
Epinephelus fuscoguttatus,ctmax,7,0,0.0,false
Epinephelus tauvina,ctmax,5,1,0.2,true
Epiplatys sexfasciatus,ctmax,5,0,0.0,false
Eretmodus cyanostictus,ctmax,4,0,0.0,false
Ericymba buccata,ctmax,6,0,0.0,false
Esox americanus,ctmax,5,0,0.0,false
Etheostoma blennioides,ctmax,3,0,0.0,false
Etheostoma caeruleum,ctmax,4,0,0.0,false
Etheostoma flabellare,ctmax,9,0,0.0,false
Etheostoma microperca,ctmax,3,0,0.0,false
Etheostoma nigrum,ctmax,10,0,0.0,false
Etheostoma spectabile,ctmax,2,0,0.0,false
Etroplus maculatus,ctmax,10,1,0.1,true
Etroplus suratensis,ctmax,11,0,0.0,false
Eubleekeria splendens,ctmax,10,0,0.0,false
Eucinostomus argenteus,ctmax,16,0,0.0,false
Eucinostomus gracilis,ctmax,2,0,0.0,false
Eucinostomus melanopterus,ctmax,4,0,0.0,false
Eucyclogobius newberryi,ctmax,1,0,0.0,false
Floridichthys carpio,ctmax,12,0,0.0,false
Forcipiger longirostris,ctmax,1,0,0.0,false
Fundulopanchax filamentosus,ctmax,1,0,0.0,false
Fundulus notatus,ctmax,6,0,0.0,false
Gasteropelecus maculatus,ctmax,4,0,0.0,false
Gazza minuta,ctmax,10,0,0.0,false
Gerres filamentosus,ctmax,11,0,0.0,false
Glossogobius celebius,ctmax,9,0,0.0,false
Glyptothorax trilineatus,ctmax,2,0,0.0,false
Gnathochromis pfefferi,ctmax,4,0,0.0,false
Gobiomorphus cotidianus,ctmax,18,1,0.0555555555555556,true
Gobionotothen gibberifrons,ctmax,7,0,0.0,false
Gobius cobitis,ctmax,8,1,0.125,true
Gomphosus varius,ctmax,3,0,0.0,false
Gymnarchus niloticus,ctmax,7,1,0.142857142857143,true
Gymnocephalus schraetser,ctmax,6,0,0.0,false
Haemulon steindachneri,ctmax,3,0,0.0,false
Haletta semifasciata,ctmax,10,0,0.0,false
Halichoeres chierchiae,ctmax,5,0,0.0,false
Halichoeres chloropterus,ctmax,4,0,0.0,false
Halichoeres cyanocephalus,ctmax,1,0,0.0,false
Halichoeres hortulanus,ctmax,5,0,0.0,false
Halichoeres margaritaceus,ctmax,9,0,0.0,false
Halichoeres melanurus,ctmax,6,0,0.0,false
Halichoeres notospilus,ctmax,1,0,0.0,false
Halichoeres scapularis,ctmax,2,0,0.0,false
Hampala macrolepidota,ctmax,9,0,0.0,false
Haplochromis degeni,ctmax,2,0,0.0,false
Hemibagrus nemurus,ctmax,3,0,0.0,false
Hemibagrus wyckioides,ctmax,1,0,0.0,false
Hemibates stenosoma,ctmax,3,0,0.0,false
Hemiculter leucisculus,ctmax,8,0,0.0,false
Hemigymnus melapterus,ctmax,11,0,0.0,false
Hemisilurus mekongensis,ctmax,5,0,0.0,false
Hemitaurichthys zoster,ctmax,10,0,0.0,false
Hemitremia flammea,ctmax,4,0,0.0,false
Heniochus acuminatus,ctmax,5,0,0.0,false
Herichthys cyanoguttatus,ctmax,5,0,0.0,false
Heteropneustes fossilis,ctmax,3,0,0.0,false
Heteroscarus acroptilus,ctmax,11,0,0.0,false
Heterotis niloticus,ctmax,12,0,0.0,false
Hologymnosus doliatus,ctmax,5,0,0.0,false
Horabagrus brachysoma,ctmax,10,0,0.0,false
Hybognathus hankinsoni,ctmax,3,0,0.0,false
Hydrocynus brevis,ctmax,4,1,0.25,true
Hyphessobrycon erythrostigma,ctmax,5,0,0.0,false
Hyphessobrycon herbertaxelrodi,ctmax,5,0,0.0,false
Hypomesus nipponensis,ctmax,24,0,0.0,false
Hypomesus olidus,ctmax,9,1,0.111111111111111,true
Hypoplectrus unicolor,ctmax,3,0,0.0,false
Hypostomus plecostomus,ctmax,4,0,0.0,false
Hypseleotris galii,ctmax,3,0,0.0,false
Hysterocarpus traskii,ctmax,5,0,0.0,false
Ictiobus bubalus,ctmax,3,0,0.0,false
Ictiobus cyprinellus,ctmax,5,0,0.0,false
Ictiobus niger,ctmax,4,0,0.0,false
Johnrandallia nigrirostris,ctmax,6,0,0.0,false
Kareius bicoloratus,ctmax,6,0,0.0,false
Knipowitschia caucasica,ctmax,4,0,0.0,false
Kryptopterus bicirrhis,ctmax,2,0,0.0,false
Kuhlia rupestris,ctmax,11,0,0.0,false
Labeo calbasu,ctmax,5,0,0.0,false
Labeo chrysophekadion,ctmax,4,0,0.0,false
Labeobarbus polylepis,ctmax,7,0,0.0,false
Labeobarbus seeberi,ctmax,8,0,0.0,false
Labidesthes sicculus,ctmax,7,0,0.0,false
Labroides bicolor,ctmax,3,0,0.0,false
Labroides dimidiatus,ctmax,7,1,0.142857142857143,true
Labrus viridis,ctmax,4,0,0.0,false
Lagocephalus laevigatus,ctmax,3,0,0.0,false
Lagocephalus lagocephalus,ctmax,4,0,0.0,false
Lagocephalus sceleratus,ctmax,8,0,0.0,false
Lamprologus callipterus,ctmax,2,0,0.0,false
Lamprologus lemairii,ctmax,4,0,0.0,false
Lamprologus signatus,ctmax,2,0,0.0,false
Lappanella fasciata,ctmax,4,0,0.0,false
Larimichthys crocea,ctmax,6,0,0.0,false
Laubuka laubuca,ctmax,4,0,0.0,false
Leiognathus equulus,ctmax,18,0,0.0,false
Lepidiolamprologus attenuatus,ctmax,2,0,0.0,false
Lepidiolamprologus elongatus,ctmax,9,2,0.222222222222222,true
Lepidiolamprologus profundicola,ctmax,5,1,0.2,true
Lepidonotothen squamifrons,ctmax,35,1,0.0285714285714286,true
Lepisosteus platyrhincus,ctmax,5,0,0.0,false
Lepomis humilis,ctmax,4,0,0.0,false
Lepomis megalotis,ctmax,10,0,0.0,false
Limia melanogaster,ctmax,6,0,0.0,false
Limia vittata,ctmax,5,0,0.0,false
Limnothrissa miodon,ctmax,21,1,0.0476190476190476,true
Lindbergichthys nudifrons,ctmax,16,0,0.0,false
Lithognathus mormyrus,ctmax,11,0,0.0,false
Litopenaeus setiferus,ctmax,23,0,0.0,false
Liza abu,ctmax,8,0,0.0,false
Lobochilotes labiatus,ctmax,5,0,0.0,false
Luciosoma bleekeri,ctmax,2,0,0.0,false
Lutjanus malabaricus,ctmax,11,0,0.0,false
Lutjanus vitta,ctmax,6,0,0.0,false
Luxilus chrysocephalus,ctmax,11,0,0.0,false
Macrhybopsis storeriana,ctmax,5,0,0.0,false
Macropharyngodon geoffroy,ctmax,5,0,0.0,false
Malapterus reticulatus,ctmax,2,0,0.0,false
Margariscus margarita,ctmax,8,0,0.0,false
Mastacembelus armatus,ctmax,5,0,0.0,false
Microlipophrys dalmatinus,ctmax,7,0,0.0,false
Microlipophrys nigriceps,ctmax,8,0,0.0,false
Microphis brachyurus,ctmax,2,0,0.0,false
Micropterus notius,ctmax,9,0,0.0,false
Microthrissa congica,ctmax,12,1,0.0833333333333333,true
Minytrema melanops,ctmax,4,0,0.0,false
Misgurnus anguillicaudatus,ctmax,5,0,0.0,false
Monacanthus chinensis,ctmax,10,0,0.0,false
Monopterus albus,ctmax,5,1,0.2,true
Morone chrysops,ctmax,12,7,0.583333333333333,true
Moxostoma anisurum,ctmax,5,0,0.0,false
Moxostoma carinatum,ctmax,2,0,0.0,false
Moxostoma duquesnii,ctmax,5,0,0.0,false
Moxostoma erythrurum,ctmax,6,0,0.0,false
Moxostoma hubbsi,ctmax,6,0,0.0,false
Moxostoma macrolepidotum,ctmax,5,0,0.0,false
Moxostoma valenciennesi,ctmax,8,0,0.0,false
Mugil curema,ctmax,23,0,0.0,false
Mugilogobius chulae,ctmax,1,0,0.0,false
Mylocheilus caurinus,ctmax,4,0,0.0,false
Mylopharyngodon piceus,ctmax,15,0,0.0,false
Myoxocephalus thompsonii,ctmax,4,0,0.0,false
Mystacoleucus marginatus,ctmax,2,0,0.0,false
Mystus bocourti,ctmax,2,0,0.0,false
Mystus vittatus,ctmax,3,0,0.0,false
Nandus nebulosus,ctmax,1,0,0.0,false
Nannostomus beckfordi,ctmax,1,0,0.0,false
Nannostomus eques,ctmax,4,0,0.0,false
Nannostomus trifasciatus,ctmax,5,0,0.0,false
Nanochromis parilus,ctmax,1,0,0.0,false
Naso hexacanthus,ctmax,14,0,0.0,false
Neogobius fluviatilis,ctmax,9,0,0.0,false
Neogobius pallasi,ctmax,2,0,0.0,false
Neolamprologus furcifer,ctmax,2,0,0.0,false
Neolamprologus leleupi,ctmax,6,0,0.0,false
Neolamprologus mondabu,ctmax,5,0,0.0,false
Neolamprologus savoryi,ctmax,6,1,0.166666666666667,true
Neolamprologus toae,ctmax,3,0,0.0,false
Neolamprologus tretocephalus,ctmax,6,0,0.0,false
Neolebias ansorgii,ctmax,4,0,0.0,false
Neolissochilus hexagonolepis,ctmax,2,0,0.0,false
Nocomis biguttatus,ctmax,12,0,0.0,false
Nocomis micropogon,ctmax,8,0,0.0,false
Notoglanidium macrostoma,ctmax,1,0,0.0,false
Notolabrus fucicola,ctmax,9,0,0.0,false
Notopterus notopterus,ctmax,7,0,0.0,false
Notropis anogenus,ctmax,4,0,0.0,false
Notropis blennius,ctmax,6,0,0.0,false
Notropis buchanani,ctmax,4,0,0.0,false
Notropis dorsalis,ctmax,5,0,0.0,false
Notropis heterodon,ctmax,8,0,0.0,false
Notropis hudsonius,ctmax,14,0,0.0,false
Notropis photogenis,ctmax,4,0,0.0,false
Notropis volucellus,ctmax,7,0,0.0,false
Noturus flavus,ctmax,13,1,0.0769230769230769,true
Noturus gyrinus,ctmax,3,0,0.0,false
Noturus insignis,ctmax,6,0,0.0,false
Noturus miurus,ctmax,3,0,0.0,false
Noturus stigmosus,ctmax,4,1,0.25,true
Novaculichthys taeniourus,ctmax,2,0,0.0,false
Novaculoides macrolepidotus,ctmax,3,0,0.0,false
Odaxothrissa losera,ctmax,1,0,0.0,false
Oligocottus maculosus,ctmax,4,0,0.0,false
Oligolepis acutipennis,ctmax,1,0,0.0,false
Ompok bimaculatus,ctmax,3,0,0.0,false
Ophthalmotilapia nasuta,ctmax,2,0,0.0,false
Opsarius pulchellus,ctmax,1,0,0.0,false
Opsopoeodus emiliae,ctmax,5,0,0.0,false
Osmerus dentex,ctmax,13,1,0.0769230769230769,true
Osphronemus exodon,ctmax,6,0,0.0,false
Osphronemus goramy,ctmax,12,0,0.0,false
Osteochilus melanopleura,ctmax,5,0,0.0,false
Osteochilus vittatus,ctmax,5,0,0.0,false
Ostorhinchus aureus,ctmax,5,0,0.0,false
Oxycheilinus bimaculatus,ctmax,2,0,0.0,false
Oxycheilinus unifasciatus,ctmax,2,0,0.0,false
Oxyeleotris marmorata,ctmax,5,0,0.0,false
Pagellus bellottii,ctmax,4,0,0.0,false
Pagrus auratus,ctmax,28,1,0.0357142857142857,true
Pagrus auriga,ctmax,6,0,0.0,false
Pagrus caeruleostictus,ctmax,11,0,0.0,false
Palaemon macrodactylus,ctmax,5,1,0.2,true
Pangasianodon hypophthalmus,ctmax,4,0,0.0,false
Pangasius bocourti,ctmax,8,0,0.0,false
Pangasius conchophilus,ctmax,6,0,0.0,false
Pangasius larnaudii,ctmax,5,0,0.0,false
Pangasius macronema,ctmax,2,0,0.0,false
Pangasius pangasius,ctmax,5,1,0.2,true
Pangasius sanitwongsei,ctmax,1,0,0.0,false
Pantodon buchholzi,ctmax,5,0,0.0,false
Pao leiurus,ctmax,3,0,0.0,false
Parablennius incognitus,ctmax,8,0,0.0,false
Parablennius pilicornis,ctmax,4,0,0.0,false
Parablennius rouxi,ctmax,8,0,0.0,false
Parablennius ruber,ctmax,2,0,0.0,false
Parablennius zvonimiri,ctmax,6,0,0.0,false
Paracheirodon axelrodi,ctmax,3,0,0.0,false
Paracheirodon innesi,ctmax,8,0,0.0,false
Parambassis ranga,ctmax,1,0,0.0,false
Parambassis wolffii,ctmax,1,0,0.0,false
Paraphanius mento,ctmax,5,0,0.0,false
Parophrys vetulus,ctmax,9,1,0.111111111111111,true
Pelecus cultratus,ctmax,13,3,0.230769230769231,true
Pellonula vorax,ctmax,2,0,0.0,false
Pelvicachromis pulcher,ctmax,1,0,0.0,false
Pentapodus setosus,ctmax,1,0,0.0,false
Perccottus glenii,ctmax,4,1,0.25,true
Percina caprodes,ctmax,4,0,0.0,false
Percina copelandi,ctmax,3,0,0.0,false
Percina maculata,ctmax,4,0,0.0,false
Percina shumardi,ctmax,3,0,0.0,false
Percopsis transmontana,ctmax,3,0,0.0,false
Periophthalmus argentilineatus,ctmax,5,0,0.0,false
Periophthalmus kalolo,ctmax,4,0,0.0,false
Pethia conchonius,ctmax,5,0,0.0,false
Pethia gelius,ctmax,3,0,0.0,false
Pethia phutunio,ctmax,5,0,0.0,false
Pethia ticto,ctmax,5,0,0.0,false
Phenacogrammus interruptus,ctmax,7,0,0.0,false
Pholis ornata,ctmax,1,0,0.0,false
Phyllonemus typus,ctmax,1,0,0.0,false
Plotosus lineatus,ctmax,19,0,0.0,false
Poecilia sphenops,ctmax,5,0,0.0,false
Poecilia vivipara,ctmax,5,0,0.0,false
Polyamblyodon germanum,ctmax,5,0,0.0,false
Pomadasys argenteus,ctmax,4,0,0.0,false
Pomatoschistus canestrinii,ctmax,3,0,0.0,false
Ponticola gorlap,ctmax,2,0,0.0,false
Ponticola syrman,ctmax,3,0,0.0,false
Pristolepis fasciata,ctmax,9,1,0.111111111111111,true
Prognathodes falcifer,ctmax,7,0,0.0,false
Prosopium williamsoni,ctmax,11,1,0.0909090909090909,true
Protogobius attiti,ctmax,1,0,0.0,false
Pseudobarbus burchelli,ctmax,2,0,0.0,false
Pseudocaranx dentex,ctmax,7,0,0.0,false
Pseudocheilinus octotaenia,ctmax,4,0,0.0,false
Pseudocrenilabrus multicolor,ctmax,8,0,0.0,false
Pseudogramma gregoryi,ctmax,3,0,0.0,false
Pseudogramma thaumasia,ctmax,3,0,0.0,false
Pseudomystus siamensis,ctmax,2,0,0.0,false
Pterocryptis cochinchinensis,ctmax,4,0,0.0,false
Pterogymnus laniarius,ctmax,10,1,0.1,true
Pterothrissus gissu,ctmax,9,0,0.0,false
Puntigrus tetrazona,ctmax,4,0,0.0,false
Puntioplites proctozystron,ctmax,5,0,0.0,false
Puntius bimaculatus,ctmax,4,0,0.0,false
Puntius brevis,ctmax,3,0,0.0,false
Puntius chola,ctmax,9,0,0.0,false
Puntius dorsalis,ctmax,6,0,0.0,false
Rasbora borapetensis,ctmax,2,0,0.0,false
Rasbora trilineata,ctmax,1,0,0.0,false
Retropinna retropinna,ctmax,22,0,0.0,false
Rhabdosargus thorpei,ctmax,5,0,0.0,false
Rhinichthys osculus,ctmax,8,0,0.0,false
Rhinogobius giurinus,ctmax,12,0,0.0,false
Rhodeus amarus,ctmax,7,1,0.142857142857143,true
Rhynchocypris percnurus,ctmax,8,0,0.0,false
Richardsonius balteatus,ctmax,6,1,0.166666666666667,true
Rita rita,ctmax,5,0,0.0,false
Rutilus frisii,ctmax,4,0,0.0,false
Salmo ohridanus,ctmax,4,0,0.0,false
Salvelinus confluentus,ctmax,8,0,0.0,false
Sander volgensis,ctmax,8,4,0.5,true
Sarda chiliensis,ctmax,23,4,0.173913043478261,true
Sarda orientalis,ctmax,5,1,0.2,true
Sarda sarda,ctmax,15,3,0.2,true
Sardinops sagax,ctmax,41,1,0.024390243902439,true
Sargochromis carlottae,ctmax,2,0,0.0,false
Sarotherodon melanotheron,ctmax,15,0,0.0,false
Scaphirhynchus platorynchus,ctmax,2,0,0.0,false
Scaphognathops stejnegeri,ctmax,4,0,0.0,false
Scarus schlegeli,ctmax,3,0,0.0,false
Scatophagus argus,ctmax,7,0,0.0,false
Schilbe intermedius,ctmax,22,6,0.272727272727273,true
Scolopsis taenioptera,ctmax,2,0,0.0,false
Scomber australasicus,ctmax,11,1,0.0909090909090909,true
Scomberomorus brasiliensis,ctmax,4,0,0.0,false
Scomberomorus koreanus,ctmax,1,0,0.0,false
Scomberomorus munroi,ctmax,3,1,0.333333333333333,true
Scomberomorus queenslandicus,ctmax,4,1,0.25,true
Scomberomorus semifasciatus,ctmax,4,0,0.0,false
Securicula gora,ctmax,5,0,0.0,false
Serranochromis altus,ctmax,1,0,0.0,false
Serranus baldwini,ctmax,3,0,0.0,false
Serranus phoebe,ctmax,2,0,0.0,false
Sillago sihama,ctmax,14,0,0.0,false
Silurus asotus,ctmax,6,3,0.5,true
Sinibotia pulchra,ctmax,1,0,0.0,false
Sparodon durbanensis,ctmax,7,0,0.0,false
Sphoeroides annulatus,ctmax,10,0,0.0,false
Sphoeroides testudineus,ctmax,6,0,0.0,false
Spirinchus thaleichthys,ctmax,5,0,0.0,false
Stenodus leucichthys,ctmax,14,5,0.357142857142857,true
Stethojulis albovittata,ctmax,3,0,0.0,false
Stethojulis balteata,ctmax,4,0,0.0,false
Stethojulis bandanensis,ctmax,7,0,0.0,false
Stolothrissa tanganicae,ctmax,3,0,0.0,false
Suezichthys gracilis,ctmax,6,0,0.0,false
Symphodus doderleini,ctmax,6,0,0.0,false
Symphodus mediterraneus,ctmax,11,0,0.0,false
Symphodus roissali,ctmax,10,0,0.0,false
Symphodus tinca,ctmax,8,0,0.0,false
Syncrossus beauforti,ctmax,1,0,0.0,false
Syngnathus schlegeli,ctmax,8,0,0.0,false
Synodontis batensoda,ctmax,5,0,0.0,false
Synodontis frontosus,ctmax,2,0,0.0,false
Synodontis leopardinus,ctmax,5,0,0.0,false
Synodontis macrostigma,ctmax,5,0,0.0,false
Synodontis membranaceus,ctmax,3,0,0.0,false
Synodontis multipunctatus,ctmax,2,1,0.5,true
Synodontis nigriventris,ctmax,4,0,0.0,false
Synodontis nigromaculatus,ctmax,4,0,0.0,false
Synodontis ocellifer,ctmax,5,0,0.0,false
Synodontis woosnami,ctmax,6,0,0.0,false
Systomus sarana,ctmax,7,0,0.0,false
Takifugu niphobles,ctmax,13,0,0.0,false
Takifugu poecilonotus,ctmax,9,0,0.0,false
Tanganicodus irsacae,ctmax,3,0,0.0,false
Terapon jarbua,ctmax,22,1,0.0454545454545455,true
Terapon theraps,ctmax,8,0,0.0,false
Thalassoma amblycephalum,ctmax,3,0,0.0,false
Thalassoma ballieui,ctmax,12,0,0.0,false
Thalassoma duperrey,ctmax,13,0,0.0,false
Thalassoma hardwicke,ctmax,11,0,0.0,false
Thalassoma jansenii,ctmax,4,0,0.0,false
Thalassoma lunare,ctmax,11,0,0.0,false
Thalassoma lutescens,ctmax,3,0,0.0,false
Thalassoma pavo,ctmax,3,0,0.0,false
Thalassoma purpureum,ctmax,7,0,0.0,false
Thalassoma quinquevittatum,ctmax,7,0,0.0,false
Thalassoma trilobatum,ctmax,4,0,0.0,false
Thunnus maccoyii,ctmax,5,1,0.2,true
Tor khudree,ctmax,6,0,0.0,false
Tor sinensis,ctmax,4,0,0.0,false
Tor tor,ctmax,18,1,0.0555555555555556,true
Totoaba macdonaldi,ctmax,3,0,0.0,false
Trachinotus carolinus,ctmax,1,0,0.0,false
Trichopodus pectoralis,ctmax,16,0,0.0,false
Trichopodus trichopterus,ctmax,10,0,0.0,false
Trichopsis vittata,ctmax,3,0,0.0,false
Trigonostigma heteromorpha,ctmax,4,0,0.0,false
Tylochromis polylepis,ctmax,3,1,0.333333333333333,true
Valencia hispanica,ctmax,2,0,0.0,false
Vimba vimba,ctmax,4,0,0.0,false
Wallago attu,ctmax,6,2,0.333333333333333,true
Xenentodon cancila,ctmax,1,0,0.0,false
Xenomystus nigri,ctmax,5,0,0.0,false
Xenotilapia bathyphila,ctmax,3,0,0.0,false
Xenotilapia caudafasciata,ctmax,6,0,0.0,false
Xenotilapia longispinis,ctmax,7,0,0.0,false
Xenotilapia ochrogenys,ctmax,9,0,0.0,false
Xenotilapia ornatipinnis,ctmax,6,0,0.0,false
Yasuhikotakia modesta,ctmax,1,0,0.0,false
Aidablennius sphynx,ctmax,4,0,0.0,false
Coregonus peled,ctmax,13,5,0.384615384615385,true
Luciobarbus guiraonis,ctmax,8,1,0.125,true
Maylandia zebra,ctmax,6,0,0.0,false
Microlipophrys adriaticus,ctmax,4,0,0.0,false
Parablennius sanguinolentus,ctmax,5,0,0.0,false
Parablennius tentacularis,ctmax,4,0,0.0,false
Salaria pavo,ctmax,7,0,0.0,false
Acanthurus guttatus,ctmax,4,0,0.0,false
Heterandria formosa,ctmax,7,0,0.0,false
Naso elegans,ctmax,2,0,0.0,false
Awaous guamensis,ctmax,11,0,0.0,false
Cyclocheilichthys apogon,ctmax,3,0,0.0,false
Etheostoma jordani,ctmax,5,0,0.0,false
Haplochromis nyererei,ctmax,2,0,0.0,false
Holacanthus bermudensis,ctmax,4,0,0.0,false
Labeo rohita,ctmax,5,0,0.0,false
Petrochromis polyodon,ctmax,2,0,0.0,false
Petrochromis trewavasae,ctmax,3,0,0.0,false
Pomacanthus semicirculatus,ctmax,6,0,0.0,false
Rhamphochromis longiceps,ctmax,10,0,0.0,false
Synodontis njassae,ctmax,6,1,0.166666666666667,true
Tenualosa ilisha,ctmax,4,0,0.0,false
Zebrasoma scopas,ctmax,5,0,0.0,false
Arothron immaculatus,ctmax,4,0,0.0,false
Acanthurus blochii,ctmax,3,0,0.0,false
Acanthurus dussumieri,ctmax,4,0,0.0,false
Acanthurus nigricans,ctmax,4,0,0.0,false
Acanthurus nigroris,ctmax,2,0,0.0,false
Calotomus spinidens,ctmax,4,0,0.0,false
Centropyge potteri,ctmax,6,0,0.0,false
Chaetodon auripes,ctmax,7,0,0.0,false
Chaetodon bennetti,ctmax,7,0,0.0,false
Chaetodon lineolatus,ctmax,5,0,0.0,false
Chaetodon ornatissimus,ctmax,2,0,0.0,false
Chaetodon speculum,ctmax,3,0,0.0,false
Chaetodon trifasciatus,ctmax,2,0,0.0,false
Ctenochaetus striatus,ctmax,5,0,0.0,false
Gnatholepis anjerensis,ctmax,2,0,0.0,false
Leptoscarus vaigiensis,ctmax,7,0,0.0,false
Macropharyngodon meleagris,ctmax,2,0,0.0,false
Salarias fasciatus,ctmax,5,0,0.0,false
Scarus ghobban,ctmax,3,0,0.0,false
Scarus oviceps,ctmax,3,0,0.0,false
Scarus prasiognathos,ctmax,4,0,0.0,false
Scarus psittacus,ctmax,2,0,0.0,false
Thalassoma hebraicum,ctmax,3,0,0.0,false
Zebrasoma flavescens,ctmax,3,0,0.0,false
Barbus haasi,ctmax,3,0,0.0,false
Gymnocephalus baloni,ctmax,2,0,0.0,false
Kuhlia sandvicensis,ctmax,7,2,0.285714285714286,true
Mugilogobius cavifrons,ctmax,3,0,0.0,false
Sewellia lineolata,ctmax,4,0,0.0,false
Lestradea stappersii,ctmax,2,0,0.0,false
Planiliza subviridis,ctmax,7,0,0.0,false
Cyprinella callistia,ctmax,3,0,0.0,false
Percina sciera,ctmax,7,0,0.0,false
Formica subsericea,ctmax,7,1,0.142857142857143,true
Dentex dentex,ctmax,5,0,0.0,false
Limnotilapia dardennii,ctmax,2,0,0.0,false
Rhamphochromis esox,ctmax,3,0,0.0,false
Serranus tabacarius,ctmax,2,0,0.0,false
Telmatochromis temporalis,ctmax,4,0,0.0,false
Tropheus moorii,ctmax,2,0,0.0,false
Sierrathrissa leonensis,ctmax,2,0,0.0,false
Thymallus arcticus,ctmax,6,1,0.166666666666667,true
Urosaurus ornatus,ctmax,1,0,0.0,false
Aedes aegypti,ctmax,12,0,0.0,false
Clibanarius virescens,ctmax,37,0,0.0,false
Trimeresurus stejnegeri,ctmax,12,0,0.0,false
Astacus leptodactylus,ctmax,2,1,0.5,true
Procambarus clarkii,ctmax,11,0,0.0,false
Myrmecocystus mimicus,ctmax,4,0,0.0,false
Pogonomyrmex desertorum,ctmax,5,0,0.0,false
Planorbarius corneus,ctmax,10,0,0.0,false
Sargochromis giardi,ctmax,3,0,0.0,false
Amphilius jacksonii,ctmax,4,0,0.0,false
Opsarius koratensis,ctmax,1,0,0.0,false
Xiphophorus hellerii,ctmax,4,0,0.0,false
Austroglanis gilli,ctmax,4,0,0.0,false
Pungu maclareni,ctmax,7,0,0.0,false
Barbus trimaculatus,ctmax,4,0,0.0,false
Phagocata gracilis,ctmax,2,0,0.0,false
Sphoeroides pachygaster,ctmax,5,0,0.0,false
Chionodraco rastrospinosus,ctmax,11,1,0.0909090909090909,true
Trachurus japonicus,ctmax,5,1,0.2,true
Morone mississippiensis,ctmax,8,2,0.25,true
Phyllorhynchus decurtatus,ctmax,2,1,0.5,true
Planorbis carinatus,ctmax,25,0,0.0,false
Tetramorium caespitum,ctmax,3,0,0.0,false
Rhinichthys cataractae,ctmax,5,0,0.0,false
Culex quinquefasciatus,ctmax,7,0,0.0,false
Spea hammondii,ctmax,1,0,0.0,false
Atherinops affinis,ctmax,21,0,0.0,false
Astyanax asuncionensis,ctmax,1,0,0.0,false
Chaetodon fasciatus,ctmax,5,0,0.0,false
Pomacanthus imperator,ctmax,5,0,0.0,false
Gambusia holbrooki,ctmax,11,0,0.0,false
Thunnus tonggol,ctmax,4,0,0.0,false
Rhamphochromis woodi,ctmax,4,0,0.0,false
Gymnosarda unicolor,ctmax,3,0,0.0,false
Penaeus vannamei,ctmax,2,0,0.0,false
Cobitis calderoni,ctmax,2,0,0.0,false
Rhyacophila brunnea,ctmax,1,0,0.0,false
Notropis atherinoides,ctmax,6,0,0.0,false
Eulamprus heatwolei,ctmax,1,0,0.0,false
Marcusenius macrolepidotus,ctmax,9,0,0.0,false
Pachydiplax longipennis,ctmax,1,0,0.0,false
Libellula auripennis,ctmax,1,0,0.0,false
Neolamprologus modestus,ctmax,6,0,0.0,false
Formica sanguinea,ctmax,25,1,0.04,true
Chaetodon madagaskariensis,ctmax,6,0,0.0,false
Plagiolepis pygmaea,ctmax,1,0,0.0,false
Argia vivida,ctmax,4,0,0.0,false
Nemurella pictetii,ctmax,2,0,0.0,false
Pinus sylvestris,ctmax,4,0,0.0,false
Galaxias brevipinnis,ctmax,15,3,0.2,true
Tridentiger bifasciatus,ctmax,1,0,0.0,false
Pseudobarbus burgi,ctmax,5,0,0.0,false
Serranus tortugarum,ctmax,5,0,0.0,false
Brachyponera chinensis,ctmax,7,1,0.142857142857143,true
Notechis scutatus,ctmax,14,5,0.357142857142857,true
Protobothrops mucrosquamatus,ctmax,4,0,0.0,false
Elopichthys bambusa,ctmax,1,1,1.0,true
Parasuta flagellum,ctmax,8,4,0.5,true
Hyalella azteca,ctmax,1,0,0.0,false
Lepomis microlophus,ctmax,3,0,0.0,false
Poecilia latipinna,ctmax,10,0,0.0,false
Solenopsis molesta,ctmax,4,0,0.0,false
Micropterus coosae,ctmax,1,1,1.0,true
Sperata seenghala,ctmax,1,1,1.0,true
Tiliqua scincoides,ctmax,1,0,0.0,false
Nandus nandus,ctmax,1,1,1.0,true
Hypophthalmichthys molitrix,ctmax,4,0,0.0,false
Hypophthalmichthys nobilis,ctmax,7,0,0.0,false
Psammodromus algirus,ctmax,1,0,0.0,false
Geophagus brasiliensis,ctmax,5,0,0.0,false
Bodianus scrofa,ctmax,3,0,0.0,false
Sparisoma cretense,ctmax,6,0,0.0,false
Xiphophorus maculatus,ctmax,2,0,0.0,false
Baetis phoebus,ctmax,1,0,0.0,false
Scarus altipinnis,ctmax,2,0,0.0,false
Tor putitora,ctmax,8,0,0.0,false
Seriola quinqueradiata,ctmax,4,0,0.0,false
Camponotus americanus,ctmax,1,0,0.0,false
Galaxias zebratus,ctmax,5,0,0.0,false
Olisthops cyanomelas,ctmax,1,0,0.0,false
Zingel zingel,ctmax,5,0,0.0,false
Gobiocichla ethelwynnae,ctmax,4,1,0.25,true
Konia eisentrauti,ctmax,2,1,0.5,true
Oreochromis esculentus,ctmax,5,1,0.2,true
Probarbus jullieni,ctmax,5,1,0.2,true
Tylochromis pulcher,ctmax,1,1,1.0,true
Xyrauchen texanus,ctmax,5,1,0.2,true
Charina bottae,ctmax,10,2,0.2,true
Ischnura verticalis,ctmax,6,0,0.0,false
Micropterus punctulatus,ctmax,2,1,0.5,true
Nannocharax multifasciatus,ctmax,3,0,0.0,false
Takifugu oblongus,ctmax,10,0,0.0,false
Hemidactylus turcicus,ctmax,5,1,0.2,true
Scomberomorus tritor,ctmax,1,1,1.0,true
Formica perpilosa,ctmax,2,0,0.0,false
Camponotus cruentatus,ctmax,5,0,0.0,false
Formica pallidefulva,ctmax,4,0,0.0,false
Plestiodon skiltonianus,ctmax,1,0,0.0,false
Lepisosteus platostomus,ctmax,3,0,0.0,false
Gasterochisma melampus,ctmax,6,0,0.0,false
Paretroplus tsimoly,ctmax,4,0,0.0,false
Bolbometopon muricatum,ctmax,3,0,0.0,false
Chrosomus oreas,ctmax,1,0,0.0,false
Etheostoma fonticola,ctmax,3,0,0.0,false
Labeo bata,ctmax,3,0,0.0,false
Mekongina erythrospila,ctmax,2,0,0.0,false
Campostoma anomalum,ctmax,5,0,0.0,false
Exoglossum maxillingua,ctmax,11,0,0.0,false
Synodontis brichardi,ctmax,2,0,0.0,false
Acanthurus mata,ctmax,3,0,0.0,false
Ophiocara porocephala,ctmax,2,0,0.0,false
Heterobranchus longifilis,ctmax,3,0,0.0,false
Aristochromis christyi,ctmax,1,0,0.0,false
Etheostoma rubrum,ctmax,4,0,0.0,false
Grammatorcynus bilineatus,ctmax,2,0,0.0,false
Formica obscuripes,ctmax,2,0,0.0,false
Formica neogagates,ctmax,2,0,0.0,false
Formica polyctena,ctmax,2,0,0.0,false
Capoeta banarescui,ctmax,5,0,0.0,false
Marinogammarus marinus,ctmax,3,0,0.0,false
Ctenochaetus binotatus,ctmax,1,0,0.0,false
Lepomis cyanellus,ctmax,12,3,0.25,true
Belonesox belizanus,ctmax,1,1,1.0,true
Echinogammarus ischnus,ctmax,1,0,0.0,false
Naso annulatus,ctmax,4,0,0.0,false
Palaemon varians,ctmax,8,0,0.0,false
Anolis pulchellus,ctmax,1,0,0.0,false
Ptychocheilus grandis,ctmax,3,3,1.0,true
Sceloporus undulatus,ctmax,1,0,0.0,false
Ctenotus pantherinus,ctmax,3,1,0.333333333333333,true
Anopheles plumbeus,ctmax,2,0,0.0,false
Glossina pallidipes,ctmax,1,0,0.0,false
Pogonomyrmex rugosus,ctmax,3,1,0.333333333333333,true
Labeobarbus crassibarbis,ctmax,2,0,0.0,false
Tylochromis leonensis,ctmax,3,0,0.0,false
Adamussium colbecki,ctmax,2,0,0.0,false
Eulamprus quoyii,ctmax,1,0,0.0,false
Neolamprologus pulcher,ctmax,4,3,0.75,true
Tetrapturus angustirostris,ctmax,2,2,1.0,true
Channa marulius,ctmax,1,1,1.0,true
Cottus rhotheus,ctmax,2,0,0.0,false
Bathyclarias nyasensis,ctmax,5,0,0.0,false
Neolamprologus christyi,ctmax,3,0,0.0,false
Romanichthys valsanicola,ctmax,1,0,0.0,false
Galaxias fasciatus,ctmax,2,1,0.5,true
Petrus rupestris,ctmax,1,1,1.0,true
Synodontis zambezensis,ctmax,6,1,0.166666666666667,true
Aphaenogaster rudis,ctmax,1,0,0.0,false
Ambystoma jeffersonianum,ctmax,1,0,0.0,false
Ambystoma maculatum,ctmax,1,0,0.0,false
Chaetodon ocellicaudus,ctmax,4,0,0.0,false
Scaphirhynchus albus,ctmax,1,0,0.0,false
Philodromus aureolus,ctmax,1,0,0.0,false
Danio albolineatus,ctmax,5,0,0.0,false
Synodontis victoriae,ctmax,1,0,0.0,false
Baetis tricaudatus,ctmax,2,0,0.0,false
Dolophilodes distinctus,ctmax,2,0,0.0,false
Couesius plumbeus,ctmax,4,0,0.0,false
Halichoeres melanotis,ctmax,2,0,0.0,false
Galba truncatula,ctmax,1,0,0.0,false
Ctenotus regius,ctmax,1,0,0.0,false
Xantho incisus,ctmax,2,0,0.0,false
Sarotherodon lohbergeri,ctmax,3,0,0.0,false
Melanochromis auratus,ctmax,3,0,0.0,false
Tropheops gracilior,ctmax,2,0,0.0,false
Chrysemys picta,ctmax,3,2,0.666666666666667,true
Dendrobates auratus,ctmax,1,0,0.0,false
Pseudacris triseriata,ctmax,1,0,0.0,false
Rhinella marina,ctmax,1,0,0.0,false
Storeria occipitomaculata,ctmax,1,0,0.0,false
Chaetodon melannotus,ctmax,5,0,0.0,false
Chaetodon rafflesii,ctmax,7,0,0.0,false
Serranochromis thumbergi,ctmax,1,0,0.0,false
Carpiodes carpio,ctmax,1,0,0.0,false
Naso tuberosus,ctmax,3,0,0.0,false
Naso vlamingii,ctmax,4,0,0.0,false
Gammarus tigrinus,ctmax,1,0,0.0,false
Girardia tigrina,ctmax,1,0,0.0,false
Uma inornata,ctmax,1,0,0.0,false
Squalius carolitertii,ctmax,2,0,0.0,false
Abudefduf troschelii,ctmax,5,0,0.0,false
Acanthopsoides gracilentus,ctmax,1,0,0.0,false
Acanthopsoides hapalias,ctmax,2,0,0.0,false
Achondrostoma arcasii,ctmax,1,0,0.0,false
Acipenser naccarii,ctmax,2,0,0.0,false
Amphichaetodon howensis,ctmax,4,0,0.0,false
Anaecypris hispanica,ctmax,2,0,0.0,false
Anampses meleagrides,ctmax,2,0,0.0,false
Anampses neoguinaicus,ctmax,2,0,0.0,false
Anampses twistii,ctmax,2,0,0.0,false
Aphanius fasciatus,ctmax,2,0,0.0,false
Aphanius iberus,ctmax,1,0,0.0,false
Arius jella,ctmax,2,0,0.0,false
Arothron mappa,ctmax,2,0,0.0,false
Astatotilapia calliptera,ctmax,4,0,0.0,false
Astyanax eigenmanniorum,ctmax,1,0,0.0,false
Aulonocara stuartgranti,ctmax,1,0,0.0,false
Austrolabrus maculatus,ctmax,2,0,0.0,false
Bangana ariza,ctmax,3,0,0.0,false
Barbucca diabolica,ctmax,5,0,0.0,false
Barbus prespensis,ctmax,3,0,0.0,false
Barbus tyberinus,ctmax,2,0,0.0,false
Callinectes danae,ctmax,6,0,0.0,false
Callochromis melanostigma,ctmax,1,0,0.0,false
Callochromis pleurospilus,ctmax,2,0,0.0,false
Canthigaster bennetti,ctmax,4,0,0.0,false
Capoeta damascina,ctmax,6,0,0.0,false
Catostomus columbianus,ctmax,2,0,0.0,false
Chaetodon adiergastos,ctmax,2,0,0.0,false
Chaetodon collare,ctmax,3,0,0.0,false
Chaetodon decussatus,ctmax,6,0,0.0,false
Chaetodon dolosus,ctmax,4,0,0.0,false
Chaetodon falcula,ctmax,4,0,0.0,false
Chaetodon flavirostris,ctmax,4,0,0.0,false
Chaetodon guentheri,ctmax,4,0,0.0,false
Chaetodon guttatissimus,ctmax,6,0,0.0,false
Chaetodon hoefleri,ctmax,2,0,0.0,false
Chaetodon humeralis,ctmax,4,0,0.0,false
Chaetodon marleyi,ctmax,4,0,0.0,false
Chaetodon mertensii,ctmax,5,0,0.0,false
Chaetodon oxycephalus,ctmax,4,0,0.0,false
Chaetodon pelewensis,ctmax,4,0,0.0,false
Chaetodon punctatofasciatus,ctmax,5,0,0.0,false
Chaetodon selene,ctmax,4,0,0.0,false
Chaetodon semeion,ctmax,4,0,0.0,false
Chaetodon semilarvatus,ctmax,2,0,0.0,false
Chaetodon tinkeri,ctmax,3,0,0.0,false
Chaetodon ulietensis,ctmax,5,0,0.0,false
Chaetodon xanthurus,ctmax,4,0,0.0,false
Chalinochromis brichardi,ctmax,1,0,0.0,false
Chelmon muelleri,ctmax,2,0,0.0,false
Chelmon rostratus,ctmax,2,0,0.0,false
Chetia flaviventris,ctmax,3,0,0.0,false
Chlorurus bowersi,ctmax,4,0,0.0,false
Chondrostoma oxyrhynchum,ctmax,3,0,0.0,false
Clarias werneri,ctmax,2,0,0.0,false
Cobitis meridionalis,ctmax,1,0,0.0,false
Coradion chrysozonus,ctmax,5,0,0.0,false
Coris flavovittata,ctmax,1,0,0.0,false
Devario laoensis,ctmax,1,0,0.0,false
Dimidiochromis strigatus,ctmax,2,0,0.0,false
Diplodus fasciatus,ctmax,2,0,0.0,false
Diplodus noct,ctmax,4,0,0.0,false
Diplodus prayensis,ctmax,6,0,0.0,false
Economidichthys pygmaeus,ctmax,1,0,0.0,false
Exyrias puntang,ctmax,2,0,0.0,false
Gomphosus caeruleus,ctmax,2,0,0.0,false
Halichoeres brasiliensis,ctmax,1,0,0.0,false
Halichoeres dispilus,ctmax,2,0,0.0,false
Halichoeres leucurus,ctmax,2,0,0.0,false
Halichoeres melasmapomus,ctmax,2,0,0.0,false
Halichoeres pictus,ctmax,1,0,0.0,false
Halichoeres solorensis,ctmax,2,0,0.0,false
Hemichromis guttatus,ctmax,1,0,0.0,false
Hemigrammopetersius barnardi,ctmax,4,0,0.0,false
Heniochus monoceros,ctmax,2,0,0.0,false
Heniochus pleurotaenia,ctmax,2,0,0.0,false
Heniochus singularius,ctmax,3,0,0.0,false
Hipposcarus longiceps,ctmax,3,0,0.0,false
Iberochondrostoma lemmingii,ctmax,4,0,0.0,false
Indostomus paradoxus,ctmax,1,0,0.0,false
Julidochromis ornatus,ctmax,1,0,0.0,false
Knipowitschia panizzae,ctmax,3,0,0.0,false
Knipowitschia punctatissima,ctmax,1,0,0.0,false
Lamprologus ocellatus,ctmax,3,0,0.0,false
Luciobarbus capito,ctmax,5,0,0.0,false
Luciobarbus comizo,ctmax,2,0,0.0,false
Luciobarbus graecus,ctmax,2,0,0.0,false
Luciobarbus graellsii,ctmax,2,0,0.0,false
Luciobarbus microcephalus,ctmax,2,0,0.0,false
Luciobarbus sclateri,ctmax,8,0,0.0,false
Macropodus opercularis,ctmax,3,0,0.0,false
Malacoctenus zonifer,ctmax,2,0,0.0,false
Mesonauta insignis,ctmax,4,0,0.0,false
Nannocharax machadoi,ctmax,5,0,0.0,false
Naso thynnoides,ctmax,3,0,0.0,false
Nemacheilus masyae,ctmax,2,0,0.0,false
Notothenia angustata,ctmax,4,0,0.0,false
Notropis texanus,ctmax,5,0,0.0,false
Ophioblennius steindachneri,ctmax,2,0,0.0,false
Ophthalmolepis lineolata,ctmax,2,0,0.0,false
Oreonectes platycephalus,ctmax,3,0,0.0,false
Pachychilon pictum,ctmax,3,0,0.0,false
Padogobius nigricans,ctmax,1,0,0.0,false
Parachaetodon ocellatus,ctmax,4,0,0.0,false
Pelasgus stymphalicus,ctmax,2,0,0.0,false
Pomacanthus zonipectus,ctmax,6,0,0.0,false
Procypris rabaudi,ctmax,2,0,0.0,false
Pseudobarbus capensis,ctmax,4,0,0.0,false
Pseudobarbus serra,ctmax,6,0,0.0,false
Pseudobarbus tenuis,ctmax,5,0,0.0,false
Pseudochondrostoma duriense,ctmax,2,0,0.0,false
Pseudochondrostoma polylepis,ctmax,2,0,0.0,false
Pseudochondrostoma willkommii,ctmax,4,0,0.0,false
Pseudodax moluccanus,ctmax,4,0,0.0,false
Psilorhynchus homaloptera,ctmax,4,0,0.0,false
Pteragogus cryptus,ctmax,2,0,0.0,false
Redigobius bikolanus,ctmax,6,0,0.0,false
Rhabdalestes maunensis,ctmax,3,0,0.0,false
Romanogobio uranoscopus,ctmax,3,0,0.0,false
Salmo carpio,ctmax,1,0,0.0,false
Sandelia capensis,ctmax,4,0,0.0,false
Squalius aphipsi,ctmax,2,0,0.0,false
Squalius ghigii,ctmax,4,0,0.0,false
Squalius illyricus,ctmax,2,0,0.0,false
Squalius lucumonis,ctmax,1,0,0.0,false
Squalius svallize,ctmax,1,0,0.0,false
Symphodus trutta,ctmax,2,0,0.0,false
Synodontis nebulosus,ctmax,5,0,0.0,false
Telestes turskyi,ctmax,1,0,0.0,false
Telmatochromis dhonti,ctmax,1,0,0.0,false
Thalassoma genivittatum,ctmax,2,0,0.0,false
Thalassoma lucasanum,ctmax,2,0,0.0,false
Triglachromis otostigma,ctmax,1,0,0.0,false
Tropidophoxinellus spartiaticus,ctmax,2,0,0.0,false
Vimba melanops,ctmax,2,0,0.0,false
Wetmorella nigropinnata,ctmax,2,0,0.0,false
Xenotilapia flavipinnis,ctmax,2,0,0.0,false
Xyrichtys martinicensis,ctmax,2,0,0.0,false
Yasuhikotakia eos,ctmax,1,0,0.0,false
Yasuhikotakia morleti,ctmax,1,0,0.0,false
Zingel streber,ctmax,2,0,0.0,false
Acanthobrama terraesanctae,ctmax,4,0,0.0,false
Acanthurus nubilus,ctmax,1,0,0.0,false
Amblypharyngodon mola,ctmax,1,0,0.0,false
Apogon dovii,ctmax,4,0,0.0,false
Apogon pacificus,ctmax,2,0,0.0,false
Ballerus ballerus,ctmax,4,0,0.0,false
Boraras urophthalmoides,ctmax,1,0,0.0,false
Brachygobius kabiliensis,ctmax,1,0,0.0,false
Capoeta capoeta,ctmax,3,0,0.0,false
Cardiopharynx schoutedeni,ctmax,2,0,0.0,false
Carnegiella strigata,ctmax,1,0,0.0,false
Chromis alta,ctmax,1,0,0.0,false
Chromis atrilobata,ctmax,1,0,0.0,false
Chromis punctipinnis,ctmax,4,0,0.0,false
Cirrhilabrus lubbocki,ctmax,1,0,0.0,false
Copadichromis borleyi,ctmax,1,0,0.0,false
Crossocheilus reticulatus,ctmax,2,0,0.0,false
Cyathopharynx furcifer,ctmax,2,0,0.0,false
Ecsenius midas,ctmax,4,0,0.0,false
Ectodus descampsii,ctmax,2,0,0.0,false
Enneacanthus obesus,ctmax,2,0,0.0,false
Enteromius ablabes,ctmax,4,0,0.0,false
Enteromius macrops,ctmax,3,0,0.0,false
Enteromius sublineatus,ctmax,3,0,0.0,false
Epalzeorhynchos frenatum,ctmax,2,0,0.0,false
Esomus longimanus,ctmax,1,0,0.0,false
Esomus metallicus,ctmax,3,0,0.0,false
Genicanthus lamarck,ctmax,2,0,0.0,false
Genicanthus melanospilos,ctmax,2,0,0.0,false
Gyrinocheilus aymonieri,ctmax,3,0,0.0,false
Gyrinocheilus pennocki,ctmax,3,0,0.0,false
Halichoeres socialis,ctmax,2,0,0.0,false
Haplochromis azureus,ctmax,2,0,0.0,false
Haplochromis piceatus,ctmax,1,0,0.0,false
Haplochromis pyrrhocephalus,ctmax,1,0,0.0,false
Haplotaxodon microlepis,ctmax,2,0,0.0,false
Helostoma temminkii,ctmax,1,0,0.0,false
Hemanthias peruanus,ctmax,2,0,0.0,false
Heniochus diphreutes,ctmax,1,0,0.0,false
Labeo coubie,ctmax,2,0,0.0,false
Labeo forskalii,ctmax,4,0,0.0,false
Labeo victorianus,ctmax,2,0,0.0,false
Labeobarbus aeneus,ctmax,9,0,0.0,false
Laides longibarbis,ctmax,1,0,0.0,false
Lepidocephalichthys hasselti,ctmax,2,0,0.0,false
Leptojulis cyanopleura,ctmax,2,0,0.0,false
Luciobarbus albanicus,ctmax,3,0,0.0,false
Luciobarbus bocagei,ctmax,3,0,0.0,false
Luciobarbus brachycephalus,ctmax,4,0,0.0,false
Macrochirichthys macrochirus,ctmax,1,0,0.0,false
Maylandia lombardoi,ctmax,4,0,0.0,false
Naso brachycentron,ctmax,2,0,0.0,false
Naso mcdadei,ctmax,4,0,0.0,false
Naso minor,ctmax,4,0,0.0,false
Neolamprologus brevis,ctmax,2,0,0.0,false
Neolamprologus brichardi,ctmax,2,0,0.0,false
Neolamprologus multifasciatus,ctmax,2,0,0.0,false
Neopomacentrus taeniurus,ctmax,2,0,0.0,false
Odontesthes bonariensis,ctmax,3,0,0.0,false
Ophthalmotilapia boops,ctmax,2,0,0.0,false
Oreochromis malagarasi,ctmax,2,0,0.0,false
Oryzias mekongensis,ctmax,1,0,0.0,false
Paracanthurus hepatus,ctmax,1,0,0.0,false
Parachela maculicauda,ctmax,1,0,0.0,false
Parachela oxygastroides,ctmax,1,0,0.0,false
Paracyprichromis brieni,ctmax,1,0,0.0,false
Paracyprichromis nigripinnis,ctmax,1,0,0.0,false
Paralaubuca typus,ctmax,1,0,0.0,false
Prionurus laticlavius,ctmax,2,0,0.0,false
Prionurus microlepidotus,ctmax,2,0,0.0,false
Prochilodus lineatus,ctmax,1,0,0.0,false
Pseudocoris heteroptera,ctmax,2,0,0.0,false
Pseudocoris yamashiroi,ctmax,2,0,0.0,false
Pseudosphromenus cupanus,ctmax,3,0,0.0,false
Rasbora caudimaculata,ctmax,1,0,0.0,false
Rasbosoma spilocerca,ctmax,1,0,0.0,false
Rastrelliger brachysoma,ctmax,1,0,0.0,false
Rastrelliger faughni,ctmax,1,0,0.0,false
Scomber colias,ctmax,3,0,0.0,false
Spathodus erythrodon,ctmax,1,0,0.0,false
Tanichthys albonubes,ctmax,1,0,0.0,false
Telestes beoticus,ctmax,3,0,0.0,false
Trichopsis pumila,ctmax,1,0,0.0,false
Trigonopoma pauciperforatum,ctmax,1,0,0.0,false
Umbra krameri,ctmax,4,0,0.0,false
Akrokolioplax bicornis,ctmax,3,0,0.0,false
Alestes macrophthalmus,ctmax,2,0,0.0,false
Amatolacypris trevelyani,ctmax,2,0,0.0,false
Apolemichthys trimaculatus,ctmax,4,0,0.0,false
Apolemichthys xanthurus,ctmax,4,0,0.0,false
Aulopyge huegelii,ctmax,1,0,0.0,false
Balitora annamitica,ctmax,1,0,0.0,false
Ballerus sapa,ctmax,2,0,0.0,false
Bangana behri,ctmax,2,0,0.0,false
Barbus meridionalis,ctmax,1,0,0.0,false
Bidyanus bidyanus,ctmax,2,0,0.0,false
Carpiodes cyprinus,ctmax,3,0,0.0,false
Catostomus platyrhynchus,ctmax,1,0,0.0,false
Centropyge aurantonotus,ctmax,1,0,0.0,false
Centropyge eibli,ctmax,3,0,0.0,false
Centropyge ferrugata,ctmax,4,0,0.0,false
Centropyge fisheri,ctmax,4,0,0.0,false
Centropyge flavissima,ctmax,4,0,0.0,false
Centropyge loriculus,ctmax,4,0,0.0,false
Centropyge multispinis,ctmax,4,0,0.0,false
Centropyge nox,ctmax,4,0,0.0,false
Centropyge venusta,ctmax,3,0,0.0,false
Centropyge vrolikii,ctmax,4,0,0.0,false
Cetoscarus bicolor,ctmax,1,0,0.0,false
Chaetodon octofasciatus,ctmax,2,0,0.0,false
Chaetodontoplus caeruleopunctatus,ctmax,4,0,0.0,false
Chaetodontoplus duboulayi,ctmax,4,0,0.0,false
Chaetodontoplus melanosoma,ctmax,4,0,0.0,false
Chaetodontoplus mesoleucus,ctmax,4,0,0.0,false
Chelaethiops bibie,ctmax,4,0,0.0,false
Chilochromis duponti,ctmax,2,0,0.0,false
Chiloglanis asymetricaudalis,ctmax,3,0,0.0,false
Chlorurus bleekeri,ctmax,1,0,0.0,false
Chlorurus oedema,ctmax,2,0,0.0,false
Chondrostoma nasus,ctmax,3,1,0.333333333333333,true
Chondrostoma prespense,ctmax,3,0,0.0,false
Cirrhinus microlepis,ctmax,2,0,0.0,false
Clarias gabonensis,ctmax,1,0,0.0,false
Cryptotomus roseus,ctmax,1,0,0.0,false
Ctenochaetus strigosus,ctmax,1,0,0.0,false
Cyprinodon nevadensis,ctmax,1,0,0.0,false
Dionda episcopa,ctmax,3,0,0.0,false
Distichodus fasciolatus,ctmax,2,0,0.0,false
Ecsenius bicolor,ctmax,2,0,0.0,false
Enteromius anoplus,ctmax,2,0,0.0,false
Enteromius mattozi,ctmax,6,0,0.0,false
Etia nguti,ctmax,2,0,0.0,false
Garra cambodgiensis,ctmax,1,0,0.0,false
Garra fasciacauda,ctmax,1,0,0.0,false
Garra fuliginosa,ctmax,1,0,0.0,false
Garra gotyla,ctmax,1,0,0.0,false
Garra rufa,ctmax,2,0,0.0,false
Gobiocichla wonderi,ctmax,1,0,0.0,false
Gymnocharacinus bergii,ctmax,2,0,0.0,false
Henicorhynchus lobatus,ctmax,2,0,0.0,false
Henicorhynchus siamensis,ctmax,2,0,0.0,false
Hybognathus argyritis,ctmax,2,0,0.0,false
Hybognathus regius,ctmax,2,0,0.0,false
Julidochromis marlieri,ctmax,3,0,0.0,false
Labeo dussumieri,ctmax,3,0,0.0,false
Labeo gonius,ctmax,2,0,0.0,false
Labeo pierrei,ctmax,1,0,0.0,false
Labeobarbus gorguari,ctmax,1,0,0.0,false
Labeobarbus marequensis,ctmax,8,0,0.0,false
Lobocheilos melanotaenia,ctmax,2,0,0.0,false
Luciobarbus steindachneri,ctmax,3,0,0.0,false
Mastacembelus erythrotaenia,ctmax,1,0,0.0,false
Maylandia estherae,ctmax,2,0,0.0,false
Mystacoleucus chilopterus,ctmax,1,0,0.0,false
Naso tonganus,ctmax,2,0,0.0,false
Neolissochilus stracheyi,ctmax,1,0,0.0,false
Nicholsina denticulata,ctmax,1,0,0.0,false
Notropis rubellus,ctmax,3,0,0.0,false
Notropis stramineus,ctmax,4,0,0.0,false
Ophthalmotilapia ventralis,ctmax,1,0,0.0,false
Osteochilus lini,ctmax,1,0,0.0,false
Osteochilus microcephalus,ctmax,1,0,0.0,false
Osteochilus waandersii,ctmax,1,0,0.0,false
Pangasianodon gigas,ctmax,1,0,0.0,false
Parabramis pekinensis,ctmax,1,0,0.0,false
Petrochromis famula,ctmax,1,0,0.0,false
Petrochromis orthognathus,ctmax,1,0,0.0,false
Plagopterus argentissimus,ctmax,3,0,0.0,false
Poecilia caucana,ctmax,3,0,0.0,false
Pomacanthus maculosus,ctmax,4,0,0.0,false
Pomacanthus navarchus,ctmax,4,0,0.0,false
Pomacanthus sexstriatus,ctmax,4,0,0.0,false
Pomacanthus xanthometopon,ctmax,4,0,0.0,false
Prionurus maculatus,ctmax,2,0,0.0,false
Prionurus scalprum,ctmax,2,0,0.0,false
Pseudobarbus asper,ctmax,3,0,0.0,false
Pseudolais pleurotaenia,ctmax,4,0,0.0,false
Pseudosimochromis curvifrons,ctmax,2,0,0.0,false
Puntioplites bulu,ctmax,3,0,0.0,false
Puntioplites waandersi,ctmax,1,0,0.0,false
Puntius vittatus,ctmax,3,0,0.0,false
Pygoplites diacanthus,ctmax,4,0,0.0,false
Rasbora aurotaenia,ctmax,1,0,0.0,false
Rhinichthys falcatus,ctmax,3,0,0.0,false
Sarotherodon steinbachi,ctmax,1,0,0.0,false
Scaphognathops bandanensis,ctmax,2,0,0.0,false
Scardinius acarnanicus,ctmax,2,0,0.0,false
Scardinius graecus,ctmax,1,0,0.0,false
Scarus chameleon,ctmax,1,0,0.0,false
Scarus festivus,ctmax,2,0,0.0,false
Scarus flavipectoralis,ctmax,1,0,0.0,false
Scarus forsteni,ctmax,1,0,0.0,false
Scarus frenatus,ctmax,1,0,0.0,false
Scarus globiceps,ctmax,1,0,0.0,false
Scarus niger,ctmax,1,0,0.0,false
Scarus quoyi,ctmax,2,0,0.0,false
Scarus rubroviolaceus,ctmax,1,0,0.0,false
Scarus tricolor,ctmax,2,0,0.0,false
Schistura nicholsi,ctmax,1,0,0.0,false
Schizothorax richardsonii,ctmax,4,0,0.0,false
Sicyopterus lagocephalus,ctmax,5,0,0.0,false
Siganus javus,ctmax,3,0,0.0,false
Siganus vermiculatus,ctmax,2,0,0.0,false
Simochromis diagramma,ctmax,1,0,0.0,false
Sparisoma atomarium,ctmax,1,0,0.0,false
Sparisoma tuiupiranga,ctmax,1,0,0.0,false
Spinibarbus sinensis,ctmax,4,0,0.0,false
Stegastes acapulcoensis,ctmax,2,0,0.0,false
Synodontis contractus,ctmax,1,0,0.0,false
Telmatochromis bifrenatus,ctmax,1,0,0.0,false
Thoburnia rhothoeca,ctmax,2,0,0.0,false
Tilapia guinasana,ctmax,3,0,0.0,false
Tilapia ruweti,ctmax,4,0,0.0,false
Tor tambroides,ctmax,3,0,0.0,false
Tristramella simonis,ctmax,1,0,0.0,false
Xenotilapia leptura,ctmax,2,0,0.0,false
Barbus cyclolepis,ctmax,7,0,0.0,false
Brycinus affinis,ctmax,5,0,0.0,false
Brycinus lateralis,ctmax,3,0,0.0,false
Devario kakhienensis,ctmax,2,0,0.0,false
Devario maetaengensis,ctmax,2,0,0.0,false
Mastacembelus cunningtoni,ctmax,5,0,0.0,false
Pseudobarbus erubescens,ctmax,2,0,0.0,false
Silurus meridionalis,ctmax,1,1,1.0,true
Aspidoscelis sexlineatus,ctmax,1,0,0.0,false
Lasius alienus,ctmax,1,0,0.0,false
Tetramorium semilaeve,ctmax,1,0,0.0,false
Cataglyphis cursor,ctmax,1,0,0.0,false
Alburnus scoranza,ctmax,1,0,0.0,false
Alcolapia grahami,ctmax,2,0,0.0,false
Cirrhinus cirrhosus,ctmax,1,0,0.0,false
Diplotaxodon macrops,ctmax,4,0,0.0,false
Distichodus sexfasciatus,ctmax,5,0,0.0,false
Engraulicypris brevianalis,ctmax,4,0,0.0,false
Kuhlia mugil,ctmax,1,0,0.0,false
Lepidocephalichthys thermalis,ctmax,2,0,0.0,false
Microcharacidium eleotrioides,ctmax,3,0,0.0,false
Pronotogrammus multifasciatus,ctmax,2,0,0.0,false
Schizothorax macrophthalmus,ctmax,2,0,0.0,false
Syngnathus abaster,ctmax,1,0,0.0,false
Xiphophorus variatus,ctmax,5,0,0.0,false
Craterocephalus stercusmuscarum,ctmax,3,0,0.0,false
Apalone ferox,ctmax,1,1,1.0,true
Sphenomorphus incognitus,ctmax,1,0,0.0,false
Corophium volutator,ctmax,2,0,0.0,false
Echinogammarus berilloni,ctmax,1,0,0.0,false
Pogonichthys macrolepidotus,ctmax,1,0,0.0,false
Cyphomyrus discorhynchus,ctmax,4,0,0.0,false
Baccharis pilularis,ctmax,1,1,1.0,true
Uta stansburiana,ctmax,1,0,0.0,false
Camponotus chromaiodes,ctmax,2,0,0.0,false
Parazacco spilurus,ctmax,1,0,0.0,false
Reticulitermes flavipes,ctmax,1,0,0.0,false
Eleutherodactylus coqui,ctmax,1,1,1.0,true
Plecodus elaviae,ctmax,1,0,0.0,false
Plecodus multidentatus,ctmax,1,0,0.0,false
Plecodus paradoxus,ctmax,1,0,0.0,false
Crematogaster lineolata,ctmax,3,1,0.333333333333333,true
Serranochromis angusticeps,ctmax,1,1,1.0,true
Labrichthys unilineatus,ctmax,2,0,0.0,false
Limnodynastes salmini,ctmax,1,0,0.0,false
Plestiodon chinensis,ctmax,1,0,0.0,false
Paroster macrosturtensis,ctmax,2,0,0.0,false
Paroster mesosturtensis,ctmax,3,0,0.0,false
Dipsosaurus dorsalis,ctmax,1,0,0.0,false
Diplotaxodon greenwoodi,ctmax,1,0,0.0,false
Leptobotia elongata,ctmax,1,0,0.0,false
Sperata aor,ctmax,2,0,0.0,false
Cyprinella venusta,ctmax,1,0,0.0,false
Notropis boops,ctmax,1,0,0.0,false
Aeshna interrupta,ctmax,1,0,0.0,false
Camponotus novaeboracensis,ctmax,1,0,0.0,false
Takydromus septentrionalis,ctmax,1,0,0.0,false
Testudo hermanni,ctmax,1,0,0.0,false
Amblyceps mangois,ctmax,1,0,0.0,false
Chetia brevis,ctmax,1,0,0.0,false
Lythrurus ardens,ctmax,4,0,0.0,false
Cyprinella analostana,ctmax,3,0,0.0,false
Lythrurus umbratilis,ctmax,4,0,0.0,false
Mesogobius batrachocephalus,ctmax,2,0,0.0,false
Cottus confusus,ctmax,2,0,0.0,false
Perissodus eccentricus,ctmax,1,0,0.0,false
Plagiotremus azaleus,ctmax,3,0,0.0,false
Boulengerochromis microlepis,ctmax,1,0,0.0,false
Mastacembelus moorii,ctmax,1,0,0.0,false
Botia rostrata,ctmax,1,0,0.0,false
Ambastaia nigrolineata,ctmax,1,0,0.0,false
Clinostomus elongatus,ctmax,1,0,0.0,false
Macrhybopsis aestivalis,ctmax,1,0,0.0,false
Myaka myaka,ctmax,2,0,0.0,false
Nemacheilus triangularis,ctmax,1,0,0.0,false
Puntioplites falcifer,ctmax,2,0,0.0,false
Xenochromis hecqui,ctmax,1,0,0.0,false
Chaetodontoplus meredithi,ctmax,2,0,0.0,false
Percina notogramma,ctmax,1,0,0.0,false
Romanogobio ciscaucasicus,ctmax,1,0,0.0,false
Pseudobarbus quathlambae,ctmax,1,0,0.0,false
Pollimyrus castelnaui,ctmax,1,0,0.0,false
Bathybates fasciatus,ctmax,1,0,0.0,false
Bathybates ferox,ctmax,1,0,0.0,false
Bathybates graueri,ctmax,1,0,0.0,false
Bathybates hornii,ctmax,1,0,0.0,false
Bathybates leo,ctmax,1,0,0.0,false
Bathybates minor,ctmax,1,0,0.0,false
Bathybates vittatus,ctmax,1,0,0.0,false
Chaetodon austriacus,ctmax,1,0,0.0,false
Chaetodon melapterus,ctmax,1,0,0.0,false
Chaetodon meyeri,ctmax,1,0,0.0,false
Larabicus quadrilineatus,ctmax,1,0,0.0,false
Pirenella cingulata,ctmax,2,0,0.0,false
Pseudobarbus phlegethon,ctmax,2,0,0.0,false
Grammatotria lemairii,ctmax,2,0,0.0,false
Neolamprologus tetracanthus,ctmax,3,0,0.0,false
Aplocheilus blockii,ctmax,2,0,0.0,false
Corydoras ehrhardti,ctmax,1,0,0.0,false
Hippopotamyrus ansorgii,ctmax,1,0,0.0,false
Salmostoma bacaila,ctmax,2,0,0.0,false
Eutropiichthys vacha,ctmax,2,0,0.0,false
Gnathonemus petersii,ctmax,2,0,0.0,false
Horadandia atukorali,ctmax,1,0,0.0,false
Pseudobarbus calidus,ctmax,1,0,0.0,false
Hyperopisus bebe,ctmax,1,0,0.0,false
Hologymnosus annulatus,ctmax,1,0,0.0,false
Otopharynx brooksi,ctmax,1,0,0.0,false
Basiliscus vittatus,ctmax,1,0,0.0,false
Neolamprologus meeli,ctmax,1,1,1.0,true
Camponotus herculeanus,ctmax,1,0,0.0,false
Heterochromis multidens,ctmax,1,0,0.0,false
