"query_name","status","rows","pages","message","queried_at_utc"
"Abudefduf saxatilis","complete",758,,"","2026-08-13 10:55:19 UTC"
"Acanthocybium solandri","complete",416,,"","2026-08-13 10:55:19 UTC"
"Acanthogobius flavimanus","complete",124,,"","2026-08-13 10:55:19 UTC"
"Acanthopagrus schlegelii","complete",184,,"","2026-08-13 10:55:19 UTC"
"Acipenser brevirostrum","complete",156,,"","2026-08-13 10:55:19 UTC"
"Acipenser fulvescens","complete",208,,"","2026-08-13 10:55:19 UTC"
"Acipenser gueldenstaedtii","complete",72,,"","2026-08-13 10:55:19 UTC"
"Acipenser nudiventris","complete",14,,"","2026-08-13 10:55:19 UTC"
"Acipenser persicus","complete",26,,"","2026-08-13 10:55:19 UTC"
"Acipenser transmontanus","complete",118,,"","2026-08-13 10:55:19 UTC"
"Alburnus alburnus","complete",1098,,"","2026-08-13 10:55:19 UTC"
"Alosa alosa","complete",110,,"","2026-08-13 10:55:19 UTC"
"Alosa fallax","complete",388,,"","2026-08-13 10:55:19 UTC"
"Alosa macedonica","complete",22,,"","2026-08-13 10:55:19 UTC"
"Alosa pseudoharengus","complete",452,,"","2026-08-13 10:55:19 UTC"
"Alosa sapidissima","complete",412,,"","2026-08-13 10:55:19 UTC"
"Ambloplites rupestris","complete",416,,"","2026-08-13 10:55:19 UTC"
"Ameiurus catus","complete",376,,"","2026-08-13 10:55:19 UTC"
"Ameiurus natalis","complete",336,,"","2026-08-13 10:55:19 UTC"
"Ameiurus nebulosus","complete",1184,,"","2026-08-13 10:55:19 UTC"
"Amia calva","complete",154,,"","2026-08-13 10:55:19 UTC"
"Anchoa mitchilli","complete",680,,"","2026-08-13 10:55:19 UTC"
"Anguilla anguilla","complete",3282,,"","2026-08-13 10:55:19 UTC"
"Anguilla australis","complete",304,,"","2026-08-13 10:55:19 UTC"
"Anguilla dieffenbachii","complete",218,,"","2026-08-13 10:55:19 UTC"
"Anguilla marmorata","complete",22,,"","2026-08-13 10:55:19 UTC"
"Anguilla rostrata","complete",196,,"","2026-08-13 10:55:19 UTC"
"Aplodinotus grunniens","complete",104,,"","2026-08-13 10:55:19 UTC"
"Archosargus probatocephalus","complete",310,,"","2026-08-13 10:55:19 UTC"
"Astyanax bimaculatus","complete",94,,"","2026-08-13 10:55:19 UTC"
"Astyanax mexicanus","complete",16,,"","2026-08-13 10:55:19 UTC"
"Atherina boyeri","complete",148,,"","2026-08-13 10:55:19 UTC"
"Atherinops affinis","complete",94,,"","2026-08-13 10:55:19 UTC"
"Atractosteus spatula","complete",72,,"","2026-08-13 10:55:19 UTC"
"Auxis rochei","complete",104,,"","2026-08-13 10:55:19 UTC"
"Auxis thazard","complete",108,,"","2026-08-13 10:55:19 UTC"
"Bagrus docmak","complete",166,,"","2026-08-13 10:55:19 UTC"
"Barbatula barbatula","complete",1648,,"","2026-08-13 10:55:19 UTC"
"Barbus barbus","complete",1504,,"","2026-08-13 10:55:19 UTC"
"Barbus lacerta","complete",0,,"","2026-08-13 10:55:19 UTC"
"Barbus plebejus","complete",2374,,"","2026-08-13 10:55:19 UTC"
"Bathygobius fuscus","complete",162,,"","2026-08-13 10:55:19 UTC"
"Bathygobius soporator","complete",330,,"","2026-08-13 10:55:19 UTC"
"Belonesox belizanus","complete",4,,"","2026-08-13 10:55:19 UTC"
"Bodianus rufus","complete",644,,"","2026-08-13 10:55:19 UTC"
"Butis butis","complete",18,,"","2026-08-13 10:55:19 UTC"
"Carasobarbus canis","complete",50,,"","2026-08-13 10:55:19 UTC"
"Carassius auratus","complete",4708,,"","2026-08-13 10:55:19 UTC"
"Carassius carassius","complete",2907,,"","2026-08-13 10:55:19 UTC"
"Carassius gibelio","complete",2268,,"","2026-08-13 10:55:19 UTC"
"Catostomus catostomus","complete",88,,"","2026-08-13 10:55:19 UTC"
"Catostomus macrocheilus","complete",42,,"","2026-08-13 10:55:19 UTC"
"Centropristis striata","complete",536,,"","2026-08-13 10:55:19 UTC"
"Chaenocephalus aceratus","complete",238,,"","2026-08-13 10:55:19 UTC"
"Channa marulius","complete",8,,"","2026-08-13 10:55:19 UTC"
"Channa micropeltes","complete",14,,"","2026-08-13 10:55:19 UTC"
"Channa punctata","complete",116,,"","2026-08-13 10:55:19 UTC"
"Channa striata","complete",98,,"","2026-08-13 10:55:19 UTC"
"Chanodichthys erythropterus","complete",118,,"","2026-08-13 10:55:19 UTC"
"Cheimarrichthys fosteri","complete",100,,"","2026-08-13 10:55:19 UTC"
"Chionodraco rastrospinosus","complete",44,,"","2026-08-13 10:55:19 UTC"
"Chitala chitala","complete",24,,"","2026-08-13 10:55:19 UTC"
"Chondrostoma nasus","complete",28,,"","2026-08-13 10:55:19 UTC"
"Clarias anguillaris","complete",78,,"","2026-08-13 10:55:19 UTC"
"Clarias batrachus","complete",98,,"","2026-08-13 10:55:19 UTC"
"Clarias gariepinus","complete",394,,"","2026-08-13 10:55:19 UTC"
"Clarias stappersii","complete",22,,"","2026-08-13 10:55:19 UTC"
"Clupea harengus","complete",1240,,"","2026-08-13 10:55:19 UTC"
"Clupea pallasii","complete",240,,"","2026-08-13 10:55:19 UTC"
"Coregonus albula","complete",210,,"","2026-08-13 10:55:19 UTC"
"Coregonus artedi","complete",128,,"","2026-08-13 10:55:19 UTC"
"Coregonus autumnalis","complete",74,,"","2026-08-13 10:55:19 UTC"
"Coregonus clupeaformis","complete",158,,"","2026-08-13 10:55:19 UTC"
"Coregonus lavaretus","complete",244,,"","2026-08-13 10:55:19 UTC"
"Coregonus peled","complete",46,,"","2026-08-13 10:55:19 UTC"
"Coryphoblennius galerita","complete",320,,"","2026-08-13 10:55:19 UTC"
"Cottus aleuticus","complete",70,,"","2026-08-13 10:55:19 UTC"
"Cottus asper","complete",78,,"","2026-08-13 10:55:19 UTC"
"Cottus cognatus","complete",50,,"","2026-08-13 10:55:19 UTC"
"Cottus gobio","complete",1846,,"","2026-08-13 10:55:19 UTC"
"Cynoscion nebulosus","complete",792,,"","2026-08-13 10:55:19 UTC"
"Cyprinella lutrensis","complete",20,,"","2026-08-13 10:55:19 UTC"
"Cyprinodon variegatus","complete",224,,"","2026-08-13 10:55:19 UTC"
"Cyprinus carpio","complete",2510,,"","2026-08-13 10:55:19 UTC"
"Danio rerio","complete",64,,"","2026-08-13 10:55:19 UTC"
"Dicentrarchus labrax","complete",238,,"","2026-08-13 10:55:19 UTC"
"Diplodus sargus","complete",764,,"","2026-08-13 10:55:19 UTC"
"Dorosoma cepedianum","complete",538,,"","2026-08-13 10:55:19 UTC"
"Eleotris acanthopoma","complete",74,,"","2026-08-13 10:55:19 UTC"
"Eleotris fusca","complete",48,,"","2026-08-13 10:55:19 UTC"
"Elopichthys bambusa","complete",4,,"","2026-08-13 10:55:19 UTC"
"Elops hawaiensis","complete",28,,"","2026-08-13 10:55:19 UTC"
"Elops machnata","complete",66,,"","2026-08-13 10:55:19 UTC"
"Elops saurus","complete",440,,"","2026-08-13 10:55:19 UTC"
"Engraulis japonicus","complete",276,,"","2026-08-13 10:55:19 UTC"
"Engraulis mordax","complete",368,,"","2026-08-13 10:55:19 UTC"
"Epinephelus tauvina","complete",48,,"","2026-08-13 10:55:19 UTC"
"Esox lucius","complete",2894,,"","2026-08-13 10:55:19 UTC"
"Esox masquinongy","complete",128,,"","2026-08-13 10:55:19 UTC"
"Esox niger","complete",92,,"","2026-08-13 10:55:19 UTC"
"Etroplus maculatus","complete",56,,"","2026-08-13 10:55:19 UTC"
"Euthynnus affinis","complete",220,,"","2026-08-13 10:55:19 UTC"
"Euthynnus alletteratus","complete",602,,"","2026-08-13 10:55:19 UTC"
"Fundulus grandis","complete",270,,"","2026-08-13 10:55:19 UTC"
"Gadus morhua","complete",5896,,"","2026-08-13 10:55:19 UTC"
"Galaxias brevipinnis","complete",146,,"","2026-08-13 10:55:19 UTC"
"Galaxias fasciatus","complete",14,,"","2026-08-13 10:55:19 UTC"
"Galaxias vulgaris","complete",254,,"","2026-08-13 10:55:19 UTC"
"Gambusia affinis","complete",464,,"","2026-08-13 10:55:19 UTC"
"Gasterosteus aculeatus","complete",4928,,"","2026-08-13 10:55:19 UTC"
"Gillichthys mirabilis","complete",182,,"","2026-08-13 10:55:19 UTC"
"Gobio gobio","complete",1802,,"","2026-08-13 10:55:19 UTC"
"Gobiomorphus breviceps","complete",392,,"","2026-08-13 10:55:19 UTC"
"Gobiomorphus cotidianus","complete",114,,"","2026-08-13 10:55:19 UTC"
"Gobius cobitis","complete",22,,"","2026-08-13 10:55:19 UTC"
"Gobius niger","complete",348,,"","2026-08-13 10:55:19 UTC"
"Gobius paganellus","complete",324,,"","2026-08-13 10:55:19 UTC"
"Gymnarchus niloticus","complete",20,,"","2026-08-13 10:55:19 UTC"
"Gymnocephalus cernua","complete",1728,,"","2026-08-13 10:55:19 UTC"
"Hepsetus odoe","complete",80,,"","2026-08-13 10:55:19 UTC"
"Hiodon alosoides","complete",180,,"","2026-08-13 10:55:19 UTC"
"Holacanthus passer","complete",172,,"","2026-08-13 10:55:19 UTC"
"Hucho hucho","complete",142,,"","2026-08-13 10:55:19 UTC"
"Huso huso","complete",198,,"","2026-08-13 10:55:19 UTC"
"Hydrocynus brevis","complete",14,,"","2026-08-13 10:55:19 UTC"
"Hydrocynus forskahlii","complete",218,,"","2026-08-13 10:55:19 UTC"
"Hydrocynus vittatus","complete",152,,"","2026-08-13 10:55:19 UTC"
"Hypoplectrus aberrans","complete",296,,"","2026-08-13 10:55:19 UTC"
"Hypoplectrus nigricans","complete",446,,"","2026-08-13 10:55:19 UTC"
"Hypsypops rubicundus","complete",194,,"","2026-08-13 10:55:19 UTC"
"Ictalurus furcatus","complete",338,,"","2026-08-13 10:55:19 UTC"
"Ictalurus punctatus","complete",418,,"","2026-08-13 10:55:19 UTC"
"Istiompax indica","complete",76,,"","2026-08-13 10:55:19 UTC"
"Istiophorus platypterus","complete",432,,"","2026-08-13 10:55:19 UTC"
"Kajikia albida","complete",274,,"","2026-08-13 10:55:19 UTC"
"Kajikia audax","complete",190,,"","2026-08-13 10:55:19 UTC"
"Katsuwonus pelamis","complete",166,,"","2026-08-13 10:55:19 UTC"
"Kuhlia sandvicensis","complete",24,,"","2026-08-13 10:55:19 UTC"
"Labidesthes sicculus","complete",34,,"","2026-08-13 10:55:19 UTC"
"Labroides dimidiatus","complete",76,,"","2026-08-13 10:55:19 UTC"
"Labrus bergylta","complete",720,,"","2026-08-13 10:55:19 UTC"
"Lagodon rhomboides","complete",720,,"","2026-08-13 10:55:19 UTC"
"Lates calcarifer","complete",174,,"","2026-08-13 10:55:19 UTC"
"Lates niloticus","complete",250,,"","2026-08-13 10:55:19 UTC"
"Lepidiolamprologus elongatus","complete",34,,"","2026-08-13 10:55:19 UTC"
"Lepidiolamprologus profundicola","complete",12,,"","2026-08-13 10:55:19 UTC"
"Lepidonotothen squamifrons","complete",414,,"","2026-08-13 10:55:19 UTC"
"Lepisosteus osseus","complete",222,,"","2026-08-13 10:55:19 UTC"
"Lepomis cyanellus","complete",46,,"","2026-08-13 10:55:19 UTC"
"Lepomis gibbosus","complete",2704,,"","2026-08-13 10:55:19 UTC"
"Lepomis macrochirus","complete",380,,"","2026-08-13 10:55:19 UTC"
"Leptocottus armatus","complete",424,,"","2026-08-13 10:55:19 UTC"
"Leucaspius delineatus","complete",874,,"","2026-08-13 10:55:19 UTC"
"Leuciscus aspius","complete",208,,"","2026-08-13 10:55:19 UTC"
"Leuciscus idus","complete",32,,"","2026-08-13 10:55:19 UTC"
"Limnothrissa miodon","complete",106,,"","2026-08-13 10:55:19 UTC"
"Liopsetta glacialis","complete",110,,"","2026-08-13 10:55:19 UTC"
"Lipophrys pholis","complete",280,,"","2026-08-13 10:55:19 UTC"
"Lipophrys trigloides","complete",156,,"","2026-08-13 10:55:19 UTC"
"Lota lota","complete",1824,,"","2026-08-13 10:55:19 UTC"
"Lutjanus apodus","complete",806,,"","2026-08-13 10:55:19 UTC"
"Luxilus cornutus","complete",560,,"","2026-08-13 10:55:19 UTC"
"Maccullochella peelii","complete",128,,"","2026-08-13 10:55:19 UTC"
"Makaira nigricans","complete",576,,"","2026-08-13 10:55:19 UTC"
"Megalops atlanticus","complete",150,,"","2026-08-13 10:55:19 UTC"
"Megalops cyprinoides","complete",98,,"","2026-08-13 10:55:19 UTC"
"Menidia beryllina","complete",720,,"","2026-08-13 10:55:19 UTC"
"Menidia menidia","complete",130,,"","2026-08-13 10:55:19 UTC"
"Micropterus coosae","complete",2,,"","2026-08-13 10:55:19 UTC"
"Micropterus dolomieu","complete",326,,"","2026-08-13 10:55:19 UTC"
"Micropterus floridanus","complete",6,,"","2026-08-13 10:55:19 UTC"
"Micropterus punctulatus","complete",16,,"","2026-08-13 10:55:19 UTC"
"Micropterus salmoides","complete",1678,,"","2026-08-13 10:55:19 UTC"
"Monopterus albus","complete",24,,"","2026-08-13 10:55:19 UTC"
"Morone americana","complete",482,,"","2026-08-13 10:55:19 UTC"
"Morone chrysops","complete",66,,"","2026-08-13 10:55:19 UTC"
"Morone mississippiensis","complete",96,,"","2026-08-13 10:55:19 UTC"
"Morone saxatilis","complete",946,,"","2026-08-13 10:55:19 UTC"
"Myoxocephalus quadricornis","complete",72,,"","2026-08-13 10:55:19 UTC"
"Nandus nandus","complete",8,,"","2026-08-13 10:55:19 UTC"
"Neochanna burrowsius","complete",130,,"","2026-08-13 10:55:19 UTC"
"Neogobius melanostomus","complete",2708,,"","2026-08-13 10:55:19 UTC"
"Neolamprologus savoryi","complete",16,,"","2026-08-13 10:55:19 UTC"
"Notemigonus crysoleucas","complete",354,,"","2026-08-13 10:55:19 UTC"
"Notothenia coriiceps","complete",716,,"","2026-08-13 10:55:19 UTC"
"Notothenia rossii","complete",256,,"","2026-08-13 10:55:19 UTC"
"Noturus flavus","complete",54,,"","2026-08-13 10:55:19 UTC"
"Noturus stigmosus","complete",16,,"","2026-08-13 10:55:19 UTC"
"Oblada melanura","complete",84,,"","2026-08-13 10:55:19 UTC"
"Ocyurus chrysurus","complete",1088,,"","2026-08-13 10:55:19 UTC"
"Oncorhynchus clarkii","complete",202,,"","2026-08-13 10:55:19 UTC"
"Oncorhynchus gorbuscha","complete",432,,"","2026-08-13 10:55:19 UTC"
"Oncorhynchus keta","complete",486,,"","2026-08-13 10:55:19 UTC"
"Oncorhynchus kisutch","complete",568,,"","2026-08-13 10:55:19 UTC"
"Oncorhynchus mykiss","complete",2402,,"","2026-08-13 10:55:19 UTC"
"Oncorhynchus nerka","complete",458,,"","2026-08-13 10:55:19 UTC"
"Oncorhynchus tshawytscha","complete",752,,"","2026-08-13 10:55:19 UTC"
"Oreochromis mossambicus","complete",758,,"","2026-08-13 10:55:19 UTC"
"Oreochromis niloticus","complete",506,,"","2026-08-13 10:55:19 UTC"
"Osmerus dentex","complete",50,,"","2026-08-13 10:55:19 UTC"
"Osmerus eperlanus","complete",266,,"","2026-08-13 10:55:19 UTC"
"Osmerus mordax","complete",294,,"","2026-08-13 10:55:19 UTC"
"Padogobius bonelli","complete",1468,,"","2026-08-13 10:55:19 UTC"
"Pagellus bogaraveo","complete",410,,"","2026-08-13 10:55:19 UTC"
"Pagrus major","complete",366,,"","2026-08-13 10:55:19 UTC"
"Paralabrax clathratus","complete",348,,"","2026-08-13 10:55:19 UTC"
"Paralichthys californicus","complete",458,,"","2026-08-13 10:55:19 UTC"
"Paralichthys lethostigma","complete",344,,"","2026-08-13 10:55:19 UTC"
"Paralichthys olivaceus","complete",174,,"","2026-08-13 10:55:19 UTC"
"Pegusa lascaris","complete",154,,"","2026-08-13 10:55:19 UTC"
"Pelecus cultratus","complete",54,,"","2026-08-13 10:55:19 UTC"
"Perca flavescens","complete",568,,"","2026-08-13 10:55:19 UTC"
"Perca fluviatilis","complete",2450,,"","2026-08-13 10:55:19 UTC"
"Perissodus microlepis","complete",174,,"","2026-08-13 10:55:19 UTC"
"Petrus rupestris","complete",10,,"","2026-08-13 10:55:19 UTC"
"Pimephales notatus","complete",118,,"","2026-08-13 10:55:19 UTC"
"Pimephales promelas","complete",196,,"","2026-08-13 10:55:19 UTC"
"Platichthys flesus","complete",1034,,"","2026-08-13 10:55:19 UTC"
"Plecodus straeleni","complete",162,,"","2026-08-13 10:55:19 UTC"
"Pleuronectes platessa","complete",1966,,"","2026-08-13 10:55:19 UTC"
"Pomatoschistus microps","complete",214,,"","2026-08-13 10:55:19 UTC"
"Pomatoschistus minutus","complete",542,,"","2026-08-13 10:55:19 UTC"
"Pomoxis annularis","complete",66,,"","2026-08-13 10:55:19 UTC"
"Pomoxis nigromaculatus","complete",292,,"","2026-08-13 10:55:19 UTC"
"Ponticola kessleri","complete",1534,,"","2026-08-13 10:55:19 UTC"
"Prosopium williamsoni","complete",96,,"","2026-08-13 10:55:19 UTC"
"Pseudorasbora parva","complete",1406,,"","2026-08-13 10:55:19 UTC"
"Pterogymnus laniarius","complete",72,,"","2026-08-13 10:55:19 UTC"
"Pterois volitans","complete",212,,"","2026-08-13 10:55:19 UTC"
"Ptychocheilus grandis","complete",8,,"","2026-08-13 10:55:19 UTC"
"Ptychocheilus oregonensis","complete",168,,"","2026-08-13 10:55:19 UTC"
"Pungitius pungitius","complete",168,,"","2026-08-13 10:55:19 UTC"
"Pygocentrus nattereri","complete",76,,"","2026-08-13 10:55:19 UTC"
"Pylodictis olivaris","complete",270,,"","2026-08-13 10:55:19 UTC"
"Richardsonius balteatus","complete",42,,"","2026-08-13 10:55:19 UTC"
"Rutilus rutilus","complete",2006,,"","2026-08-13 10:55:19 UTC"
"Salaria fluviatilis","complete",966,,"","2026-08-13 10:55:19 UTC"
"Salmo labrax","complete",1462,,"","2026-08-13 10:55:19 UTC"
"Salmo salar","complete",2272,,"","2026-08-13 10:55:19 UTC"
"Salmo trutta","complete",4668,,"","2026-08-13 10:55:19 UTC"
"Salvelinus alpinus","complete",906,,"","2026-08-13 10:55:19 UTC"
"Salvelinus fontinalis","complete",2128,,"","2026-08-13 10:55:19 UTC"
"Salvelinus leucomaenis","complete",84,,"","2026-08-13 10:55:19 UTC"
"Salvelinus namaycush","complete",1770,,"","2026-08-13 10:55:19 UTC"
"Sander canadensis","complete",102,,"","2026-08-13 10:55:19 UTC"
"Sander lucioperca","complete",472,,"","2026-08-13 10:55:19 UTC"
"Sander vitreus","complete",278,,"","2026-08-13 10:55:19 UTC"
"Sander volgensis","complete",26,,"","2026-08-13 10:55:19 UTC"
"Sarda australis","complete",32,,"","2026-08-13 10:55:19 UTC"
"Sarda chiliensis","complete",100,,"","2026-08-13 10:55:19 UTC"
"Sarda orientalis","complete",46,,"","2026-08-13 10:55:19 UTC"
"Sarda sarda","complete",186,,"","2026-08-13 10:55:19 UTC"
"Sardinops sagax","complete",304,,"","2026-08-13 10:55:19 UTC"
"Scardinius erythrophthalmus","complete",3146,,"","2026-08-13 10:55:19 UTC"
"Scartella cristata","complete",440,,"","2026-08-13 10:55:19 UTC"
"Schilbe intermedius","complete",128,,"","2026-08-13 10:55:19 UTC"
"Schilbe mystus","complete",202,,"","2026-08-13 10:55:19 UTC"
"Sciaenops ocellatus","complete",874,,"","2026-08-13 10:55:19 UTC"
"Scomber australasicus","complete",100,,"","2026-08-13 10:55:19 UTC"
"Scomber japonicus","complete",1850,,"","2026-08-13 10:55:19 UTC"
"Scomber scombrus","complete",2470,,"","2026-08-13 10:55:19 UTC"
"Scomberomorus commerson","complete",128,,"","2026-08-13 10:55:19 UTC"
"Scomberomorus munroi","complete",22,,"","2026-08-13 10:55:19 UTC"
"Scomberomorus niphonius","complete",84,,"","2026-08-13 10:55:19 UTC"
"Scomberomorus queenslandicus","complete",50,,"","2026-08-13 10:55:19 UTC"
"Scomberomorus regalis","complete",388,,"","2026-08-13 10:55:19 UTC"
"Scomberomorus tritor","complete",10,,"","2026-08-13 10:55:19 UTC"
"Scorpaena porcus","complete",374,,"","2026-08-13 10:55:19 UTC"
"Semotilus atromaculatus","complete",514,,"","2026-08-13 10:55:19 UTC"
"Seriola lalandi","complete",98,,"","2026-08-13 10:55:19 UTC"
"Serranochromis angusticeps","complete",16,,"","2026-08-13 10:55:19 UTC"
"Serranus atricauda","complete",98,,"","2026-08-13 10:55:19 UTC"
"Silurus asotus","complete",32,,"","2026-08-13 10:55:19 UTC"
"Silurus glanis","complete",492,,"","2026-08-13 10:55:19 UTC"
"Silurus meridionalis","complete",4,,"","2026-08-13 10:55:19 UTC"
"Solea solea","complete",1206,,"","2026-08-13 10:55:19 UTC"
"Sperata seenghala","complete",4,,"","2026-08-13 10:55:19 UTC"
"Sphoeroides maculatus","complete",370,,"","2026-08-13 10:55:19 UTC"
"Squalius cephalus","complete",2106,,"","2026-08-13 10:55:19 UTC"
"Stenodus leucichthys","complete",68,,"","2026-08-13 10:55:19 UTC"
"Strongylura marina","complete",378,,"","2026-08-13 10:55:19 UTC"
"Syngnathus acus","complete",204,,"","2026-08-13 10:55:19 UTC"
"Synodontis zambezensis","complete",20,,"","2026-08-13 10:55:19 UTC"
"Tautogolabrus adspersus","complete",152,,"","2026-08-13 10:55:19 UTC"
"Tenualosa ilisha","complete",44,,"","2026-08-13 10:55:19 UTC"
"Terapon jarbua","complete",198,,"","2026-08-13 10:55:19 UTC"
"Tetrapturus angustirostris","complete",18,,"","2026-08-13 10:55:19 UTC"
"Thalassoma bifasciatum","complete",518,,"","2026-08-13 10:55:19 UTC"
"Thaleichthys pacificus","complete",64,,"","2026-08-13 10:55:19 UTC"
"Thunnus alalunga","complete",474,,"","2026-08-13 10:55:19 UTC"
"Thunnus albacares","complete",1028,,"","2026-08-13 10:55:19 UTC"
"Thunnus atlanticus","complete",118,,"","2026-08-13 10:55:19 UTC"
"Thunnus maccoyii","complete",22,,"","2026-08-13 10:55:19 UTC"
"Thunnus obesus","complete",532,,"","2026-08-13 10:55:19 UTC"
"Thunnus thynnus","complete",680,,"","2026-08-13 10:55:19 UTC"
"Thymallus arcticus","complete",66,,"","2026-08-13 10:55:19 UTC"
"Thymallus thymallus","complete",1578,,"","2026-08-13 10:55:19 UTC"
"Tinca tinca","complete",1568,,"","2026-08-13 10:55:19 UTC"
"Trachinotus carolinus","complete",74,,"","2026-08-13 10:55:19 UTC"
"Trachurus japonicus","complete",42,,"","2026-08-13 10:55:19 UTC"
"Trematomus hansoni","complete",566,,"","2026-08-13 10:55:19 UTC"
"Trematomus pennellii","complete",546,,"","2026-08-13 10:55:19 UTC"
"Trinectes maculatus","complete",194,,"","2026-08-13 10:55:19 UTC"
"Umbra limi","complete",240,,"","2026-08-13 10:55:19 UTC"
"Wallago attu","complete",24,,"","2026-08-13 10:55:19 UTC"
"Xiphias gladius","complete",890,,"","2026-08-13 10:55:19 UTC"
"Zoarces viviparus","complete",130,,"","2026-08-13 10:55:19 UTC"
